Series Name,Series Code,Country Name,Country Code,1990 [YR1990],1991 [YR1991],1992 [YR1992],1993 [YR1993],1994 [YR1994],1995 [YR1995],1996 [YR1996],1997 [YR1997],1998 [YR1998],1999 [YR1999],2000 [YR2000],2001 [YR2001],2002 [YR2002],2003 [YR2003],2004 [YR2004],2005 [YR2005],2006 [YR2006],2007 [YR2007],2008 [YR2008],2009 [YR2009],2010 [YR2010],2011 [YR2011],2012 [YR2012],2013 [YR2013],2014 [YR2014],2015 [YR2015],2016 [YR2016],2017 [YR2017],2018 [YR2018],2019 [YR2019],2020 [YR2020],2021 [YR2021]
Ratio of female to male labor force participation rate (%) (modeled ILO estimate),SL.TLF.CACT.FM.ZS,Afghanistan,AFG,19.60480466,19.71338143,19.80330572,19.84460588,19.88471124,20.00078873,19.80299473,19.60871767,19.46345608,19.36929152,19.30302867,19.50149562,19.7578806,20.02539603,20.27328019,20.49844059,20.22323482,19.949847,19.73224591,19.62688545,19.66502628,20.15940876,20.77859211,22.21781393,23.74861269,25.3752965,27.10384124,28.93617544,29.47391787,30.00988032,24.6858779,22.3227839
Ratio of female to male labor force participation rate (%) (modeled ILO estimate),SL.TLF.CACT.FM.ZS,Albania,ALB,70.83712164,72.83047368,73.30538698,72.63566563,72.07418391,71.27209877,70.74483107,71.36560123,70.84493476,70.17555758,69.82244092,69.42802097,69.23349636,69.87529215,70.59216273,71.38935405,72.27030464,73.23984093,74.30376187,71.29814103,73.25359395,77.7173478,74.81632733,71.26184922,69.43509606,73.32738914,76.66048819,74.51835717,76.12086475,77.82911944,75.85744815,76.68924362
Ratio of female to male labor force participation rate (%) (modeled ILO estimate),SL.TLF.CACT.FM.ZS,Algeria,DZA,14.285715,14.36843675,14.50814238,14.61193732,14.75428816,14.99819792,15.2595312,15.58047545,15.91109132,16.25056298,16.60195369,16.96456401,17.33902382,17.72427066,18.12223119,18.53289999,18.95785489,19.39558511,19.84849506,20.31773715,20.56332432,21.89475328,23.30338674,23.88433142,23.52365271,24.3895126,25.47737055,25.26361774,25.05328186,24.87786005,24.12414142,24.3238201
Ratio of female to male labor force participation rate (%) (modeled ILO estimate),SL.TLF.CACT.FM.ZS,American Samoa,ASM,..,..,..,..,..,..,..,..,..,..,..,..,..,..,..,..,..,..,..,..,..,..,..,..,..,..,..,..,..,..,..,..
Ratio of female to male labor force participation rate (%) (modeled ILO estimate),SL.TLF.CACT.FM.ZS,Andorra,AND,..,..,..,..,..,..,..,..,..,..,..,..,..,..,..,..,..,..,..,..,..,..,..,..,..,..,..,..,..,..,..,..
Ratio of female to male labor force participation rate (%) (modeled ILO estimate),SL.TLF.CACT.FM.ZS,Angola,AGO,95.1016462,94.97776126,94.91720226,94.91494093,94.96857456,95.07696723,95.0576698,95.10528776,95.21021845,95.36044497,95.5415848,95.56131469,95.63006015,95.73080095,95.83781679,95.93024769,95.85281691,95.79880669,95.75961054,95.73635008,95.73646766,93.69577644,93.63379592,93.62317015,93.65677235,93.7381837,93.80535473,93.92648285,94.10191951,94.33091995,93.42622841,93.54631043
Ratio of female to male labor force participation rate (%) (modeled ILO estimate),SL.TLF.CACT.FM.ZS,Antigua and Barbuda,ATG,..,..,..,..,..,..,..,..,..,..,..,..,..,..,..,..,..,..,..,..,..,..,..,..,..,..,..,..,..,..,..,..
Ratio of female to male labor force participation rate (%) (modeled ILO estimate),SL.TLF.CACT.FM.ZS,Argentina,ARG,60.54793102,61.92990894,63.22446461,64.62854979,65.6444455,65.11696014,66.0341303,67.3711302,67.98246506,67.30425134,67.0948455,66.24163432,64.1116314,65.51261286,66.96317682,65.79878628,66.73797527,66.08677268,65.43287237,66.47298163,65.0466724,64.81296909,65.5905788,65.39413252,65.85227559,66.45249479,67.06640647,67.69674751,69.73712105,70.43791973,70.5190413,69.84344307
Ratio of female to male labor force participation rate (%) (modeled ILO estimate),SL.TLF.CACT.FM.ZS,Armenia,ARM,71.45498328,71.45541827,71.45539608,71.4555936,71.45601569,71.45485772,71.45438517,71.45436627,71.45389693,71.45479227,71.4552352,71.45433797,71.45502496,71.45412415,71.45548752,71.45458412,71.45525588,71.45457461,71.28730495,71.66456616,69.41359105,73.18704655,73.57752524,73.96544197,73.76485837,73.2644383,71.07517677,71.39202968,66.07912268,68.53743168,67.21826039,67.71474367
Ratio of female to male labor force participation rate (%) (modeled ILO estimate),SL.TLF.CACT.FM.ZS,Aruba,ABW,..,..,..,..,..,..,..,..,..,..,..,..,..,..,..,..,..,..,..,..,..,..,..,..,..,..,..,..,..,..,..,..
Ratio of female to male labor force participation rate (%) (modeled ILO estimate),SL.TLF.CACT.FM.ZS,Australia,AUS,69.12262971,69.64180425,70.06587132,70.29152068,71.45808557,72.61982149,73.10417174,73.39721369,73.78310816,74.23932274,75.61466722,76.60659289,76.9463498,78.15218919,77.87636373,79.02685534,79.62375976,80.0850144,80.62511027,81.25873655,80.99716255,81.55749637,81.93232783,82.19546849,82.66437238,83.14848294,84.05142072,84.66601057,85.24414956,85.71408639,85.96511125,86.54797758
Ratio of female to male labor force participation rate (%) (modeled ILO estimate),SL.TLF.CACT.FM.ZS,Austria,AUT,61.98527343,62.58749794,64.40152121,65.3781181,68.92793631,70.07194227,69.93281669,70.50725233,71.21792318,71.3749947,71.72763658,72.67866042,74.38027575,74.44284358,76.80102388,77.25916924,77.90016536,78.21633927,79.13164729,80.28848916,80.7151746,81.47976424,82.17589212,82.60908997,83.26005786,83.37449768,83.72333538,83.68532397,83.31147611,83.55673327,84.08695136,83.75300204
Ratio of female to male labor force participation rate (%) (modeled ILO estimate),SL.TLF.CACT.FM.ZS,Azerbaijan,AZE,86.27764463,86.326941,87.04340515,88.00205234,88.94387089,89.54391276,89.53123729,89.32385892,88.95066576,88.68703284,88.29234218,88.24733847,88.24674721,87.83061759,88.27276952,87.84881222,87.04627211,85.7897291,87.14573189,90.15087909,91.34556059,91.05341299,90.33087781,90.22911647,90.57810169,91.03006549,90.33261879,90.35186804,90.70933864,90.81775767,88.87036138,89.64093516
Ratio of female to male labor force participation rate (%) (modeled ILO estimate),SL.TLF.CACT.FM.ZS,"Bahamas, The",BHS,81.52239083,81.77761588,82.03183096,82.28660868,82.5411737,88.53551135,85.46353637,88.79118852,86.94118356,85.3190321,86.15376941,87.02488539,88.00466096,88.00719453,88.01600211,88.02891097,88.04735222,88.07238149,88.1014328,88.13830292,90.38649756,92.7998211,87.50799725,91.72216608,92.01408228,92.22929077,92.41791357,92.44432435,92.60096978,92.77645834,90.53967162,91.80398798
Ratio of female to male labor force participation rate (%) (modeled ILO estimate),SL.TLF.CACT.FM.ZS,Bahrain,BHR,33.35846617,33.14061963,33.40868093,34.31094505,35.22083271,36.02246455,36.94377556,37.82923139,38.64619323,39.58579906,40.53171136,41.31002725,42.25125862,43.20068854,44.15730896,45.12139785,46.0907091,47.06658831,48.04572152,49.02959171,50.01719798,49.22464192,49.43758856,49.65225577,49.86610305,50.08102543,50.35285949,50.72160062,51.24698064,51.7142962,50.52562023,50.71291013
Ratio of female to male labor force participation rate (%) (modeled ILO estimate),SL.TLF.CACT.FM.ZS,Bangladesh,BGD,29.9564767,30.06215118,30.22083978,30.4292877,30.67836353,30.96335192,31.24361417,31.56318623,31.90429909,32.24587131,32.56885465,32.7930413,33.00843278,33.20908819,33.39404685,33.57049833,33.63497608,34.33786385,35.063813,35.81151162,36.58343315,37.38194429,38.20629901,39.05966834,39.94173958,40.85498281,41.80121892,45.06021114,45.26007113,45.38194315,43.97163988,44.26011082
Ratio of female to male labor force participation rate (%) (modeled ILO estimate),SL.TLF.CACT.FM.ZS,Barbados,BRB,79.55033492,79.46809773,80.0953132,81.02463577,81.94292004,84.27958733,83.67438467,84.12676535,83.64346779,82.27895101,83.13924389,83.97883351,83.97321277,85.12603661,85.38426401,85.71940775,85.32258831,83.34431962,85.25817856,85.90030111,86.21112688,86.73611697,84.87305276,86.06376132,89.36975624,90.20928471,89.22742367,88.19473443,87.37932457,89.61544222,87.57644547,87.9611456
Ratio of female to male labor force participation rate (%) (modeled ILO estimate),SL.TLF.CACT.FM.ZS,Belarus,BLR,80.00306889,80.03288094,80.30208306,80.54910691,80.97420401,81.39271355,81.26625131,80.84176249,80.55226233,80.43515003,80.56901394,80.7027649,80.83699115,80.96993439,81.10428063,81.23706352,81.37099023,81.50484909,81.63958323,81.77254999,81.90667878,82.03881546,82.17189378,82.30590765,82.43851635,82.57232027,82.70451677,82.03382993,80.6324631,81.39648586,80.64146875,80.28212418
Ratio of female to male labor force participation rate (%) (modeled ILO estimate),SL.TLF.CACT.FM.ZS,Belgium,BEL,59.87796273,61.90561679,63.61315439,65.29203681,65.65299403,66.24720104,66.59988415,67.60656227,68.70093284,70.50366644,70.96317692,69.19591753,70.52769303,71.24981111,73.38321709,74.43771047,75.28646289,76.1660644,77.09062726,77.75770789,78.48270084,78.76357138,78.84119648,80.05698166,81.17612961,81.52500957,81.35506246,82.35264768,83.87670939,84.28762711,84.3573144,84.74800861
Ratio of female to male labor force participation rate (%) (modeled ILO estimate),SL.TLF.CACT.FM.ZS,Belize,BLZ,41.79750413,42.83876519,43.90407512,44.38889939,44.22987728,45.6164788,47.0179588,48.43150614,50.38163609,49.68586747,50.33255841,50.9813605,51.63481793,52.2904689,52.95003491,53.61282581,54.27808617,54.9455848,55.61630439,56.2900261,56.9658207,57.64531329,58.32541473,59.00866209,59.54133518,60.71280731,61.89177145,61.41158091,61.84517558,61.98578533,60.412329,61.10199087
Ratio of female to male labor force participation rate (%) (modeled ILO estimate),SL.TLF.CACT.FM.ZS,Benin,BEN,64.33521629,64.33274547,64.37422848,65.88931748,67.46526254,69.10816028,70.82557755,72.62435384,74.50873562,76.49092491,78.57947063,80.78254655,83.11112397,84.21214244,85.33116921,86.46714722,87.62307778,88.79746494,89.99431602,91.21032623,92.44713093,93.70784248,93.88618664,94.10247407,94.34541754,94.6075735,94.82908545,95.08549261,95.37720474,95.69938897,95.69948089,95.50269365
Ratio of female to male labor force participation rate (%) (modeled ILO estimate),SL.TLF.CACT.FM.ZS,Bermuda,BMU,..,..,..,..,..,..,..,..,..,..,..,..,..,..,..,..,..,..,..,..,..,..,..,..,..,..,..,..,..,..,..,..
Ratio of female to male labor force participation rate (%) (modeled ILO estimate),SL.TLF.CACT.FM.ZS,Bhutan,BTN,71.72483721,71.75529246,71.82003453,71.91303449,72.01245744,72.1236317,72.94333129,73.94781572,75.08874326,76.34606372,77.70647573,79.35588343,81.07528834,82.79798257,84.45384214,85.9854249,86.96171126,87.92589577,88.86399882,89.75245273,87.72184725,86.98724372,96.283683,81.6918577,77.2073094,78.58925028,78.50578341,78.19211972,77.73737136,77.26712634,76.17779207,76.59836131
Ratio of female to male labor force participation rate (%) (modeled ILO estimate),SL.TLF.CACT.FM.ZS,Bolivia,BOL,69.62796431,70.15122223,70.17633748,70.62496217,71.14276237,71.6623475,72.08716657,72.61215985,72.57289735,72.53231632,72.49129987,73.3076196,74.11896969,74.92453589,75.72438116,76.51673177,77.30497407,74.79941025,76.01367437,76.7106,76.05110835,75.39465918,72.4675542,73.66192689,75.00551703,68.65278,73.22126402,75.68864017,79.44912922,75.29311368,73.66685371,81.51733735
Ratio of female to male labor force participation rate (%) (modeled ILO estimate),SL.TLF.CACT.FM.ZS,Bosnia and Herzegovina,BIH,57.43594086,57.74825606,57.9012641,57.93087615,57.73911255,57.49459167,57.28841153,57.14723964,56.95198646,56.54282517,56.32767023,56.1621994,55.97625045,55.84399441,55.65765588,55.42603632,55.29798289,54.1727555,56.14502025,57.50262341,58.98893376,59.10505845,58.128526,58.93387309,60.39583932,60.94091513,58.62081838,61.26441837,59.26617772,64.13673874,61.55266733,61.61677694
Ratio of female to male labor force participation rate (%) (modeled ILO estimate),SL.TLF.CACT.FM.ZS,Botswana,BWA,62.04112981,62.60918496,63.16448563,63.75145433,64.43533492,65.24646875,65.96485958,66.84392999,67.83897021,69.75731151,71.78385843,73.04323797,74.31207924,75.59020171,76.87538002,78.16923698,79.47274934,79.68039521,79.89797913,80.12545431,79.708612,80.56111568,81.4218562,82.28634575,83.15564431,84.02940825,84.90844105,85.7944235,86.68254148,87.57813252,86.1498725,86.39098549
Ratio of female to male labor force participation rate (%) (modeled ILO estimate),SL.TLF.CACT.FM.ZS,Brazil,BRA,50.61519819,50.77893173,52.58549398,54.42892219,56.31135949,58.22972297,58.22649386,58.88694685,60.25669096,61.87187872,63.86612157,65.87964148,67.58916357,68.22788865,69.31725109,70.59599353,70.73732316,70.851972,70.48356998,71.15072641,70.15281743,69.1445793,69.4085724,69.33953829,69.63492391,70.59554038,70.85428625,72.45690607,73.00427673,73.91076295,70.79265376,71.96659166
Ratio of female to male labor force participation rate (%) (modeled ILO estimate),SL.TLF.CACT.FM.ZS,British Virgin Islands,VGB,..,..,..,..,..,..,..,..,..,..,..,..,..,..,..,..,..,..,..,..,..,..,..,..,..,..,..,..,..,..,..,..
Ratio of female to male labor force participation rate (%) (modeled ILO estimate),SL.TLF.CACT.FM.ZS,Brunei Darussalam,BRN,56.03220983,56.48267566,57.89101112,59.3134536,60.75078698,62.1999555,63.66178731,65.13613274,66.61978536,68.11465389,69.62023827,71.13316554,71.43996785,71.75314954,72.07147539,72.39758246,72.7297352,73.07064087,73.41737289,73.77201302,74.13527513,74.50532035,75.58446913,76.72739398,77.93594127,79.2144683,80.56839835,82.00107812,78.78850008,75.68575292,74.959662,74.74391763
Ratio of female to male labor force participation rate (%) (modeled ILO estimate),SL.TLF.CACT.FM.ZS,Bulgaria,BGR,88.5285216,88.5899735,88.66631949,87.57918324,86.47256116,85.34568678,84.1994532,83.0365014,81.85577738,80.66062696,79.45288588,81.86163709,82.21464261,80.68400872,81.01353731,80.11626177,81.80276781,81.58926956,80.85590599,80.54246169,80.36684903,81.07230932,81.43934546,81.40876637,80.89738524,80.91960369,80.15374937,80.29715793,79.47636975,79.29739841,78.78355474,78.45807573
Ratio of female to male labor force participation rate (%) (modeled ILO estimate),SL.TLF.CACT.FM.ZS,Burkina Faso,BFA,89.36203661,89.28241879,88.32161659,87.31928654,86.27620078,85.19504571,84.07237153,82.90872684,81.7066797,80.46549473,79.18687498,77.87063294,76.52062444,75.13466529,73.71740749,72.2688148,70.79107703,71.34004437,71.9713945,72.69243187,73.511997,74.44146589,75.48807378,76.66371444,77.97909713,78.14497585,78.30475743,78.482217,78.68562653,78.92474228,78.92473681,78.70333546
Ratio of female to male labor force participation rate (%) (modeled ILO estimate),SL.TLF.CACT.FM.ZS,Burundi,BDI,100.5440491,100.6491984,100.764965,100.8905239,101.0285282,101.1759464,101.3389794,101.5135367,101.7013261,101.7442496,101.7876936,101.8316977,101.8774712,101.9226163,101.969596,102.0172065,102.0654698,102.1156663,102.1665854,102.2182701,102.2707006,102.3239424,102.3793212,102.4343024,102.490156,102.4079779,102.3649617,102.3714584,102.4287931,102.5370514,102.5367626,102.083252
Ratio of female to male labor force participation rate (%) (modeled ILO estimate),SL.TLF.CACT.FM.ZS,Cabo Verde,CPV,48.51029837,49.1167303,49.77653999,50.48756262,51.24714886,52.05533068,52.89909358,53.78593637,54.71899806,55.69596232,56.71586269,57.76778683,58.85463831,59.97069198,61.1042148,62.2545891,63.32753888,64.4088829,65.49650197,66.59627143,67.70925756,69.05568651,70.44687403,71.88682166,73.37203076,74.90365774,76.44113621,78.02178118,78.06837138,77.00884535,74.83335247,76.02301022
Ratio of female to male labor force participation rate (%) (modeled ILO estimate),SL.TLF.CACT.FM.ZS,Cambodia,KHM,93.85271134,93.63111067,93.44978675,93.42670084,96.35088412,95.91065219,95.72429307,95.64993661,95.51832479,94.89272114,94.45699306,95.84514271,93.35842636,90.70006176,87.87225783,86.62082475,85.44614798,84.34351373,86.55426305,88.77988948,91.74889024,91.55322428,88.97026606,85.9201763,85.75463226,85.01551482,86.19358904,87.98890126,87.87753442,87.78529608,86.02799807,86.08207793
Ratio of female to male labor force participation rate (%) (modeled ILO estimate),SL.TLF.CACT.FM.ZS,Cameroon,CMR,90.01470319,89.93756504,89.91740595,89.9510027,90.04697769,90.20552324,90.31152476,90.48152979,90.70420483,90.95994255,91.22637199,91.38582934,91.55106865,91.720025,91.89599112,92.07458756,92.13449672,92.22834805,90.35586174,88.23451801,85.85646827,85.89882733,85.95657244,86.03411372,86.14150435,86.28645334,86.4262766,86.60733691,86.82785731,87.0814927,87.08150383,86.88124376
Ratio of female to male labor force participation rate (%) (modeled ILO estimate),SL.TLF.CACT.FM.ZS,Canada,CAN,76.8529342,77.86456165,78.31097121,78.65200983,78.68663777,79.32643553,79.63052993,80.00775479,80.94835199,81.37838684,82.10128937,82.67613075,83.42692517,84.30816979,84.72167552,84.69854998,85.56416113,86.17261892,86.00344138,86.81622327,87.21331392,87.05967783,87.48203987,87.72345649,87.22967288,86.71369654,87.20649168,87.62844923,88.02504333,87.66067683,86.69969015,87.18114313
Ratio of female to male labor force participation rate (%) (modeled ILO estimate),SL.TLF.CACT.FM.ZS,Cayman Islands,CYM,..,..,..,..,..,..,..,..,..,..,..,..,..,..,..,..,..,..,..,..,..,..,..,..,..,..,..,..,..,..,..,..
Ratio of female to male labor force participation rate (%) (modeled ILO estimate),SL.TLF.CACT.FM.ZS,Central African Republic,CAF,80.36234071,80.33113822,80.35882514,80.43036437,80.5459257,80.70374087,80.67032587,80.6680541,80.70451327,80.78613097,80.91185269,80.7550346,80.67480215,80.64828972,80.64987058,80.66562539,80.44627801,80.2576587,80.11702956,80.04683187,80.06613595,79.67695046,79.3648576,79.13405564,78.97322821,78.86731733,79.12313476,79.44283862,79.81325945,80.21173379,79.44140246,79.65176286
Ratio of female to male labor force participation rate (%) (modeled ILO estimate),SL.TLF.CACT.FM.ZS,Chad,TCD,80.68030529,80.35692774,80.1091963,79.92276628,79.48893945,79.04846092,78.6044542,78.15353949,77.69883164,77.24017692,76.77519585,76.30758689,75.8343415,75.35757138,74.87517065,74.38959459,73.90037474,73.40639952,72.91017793,72.40856012,71.90403514,71.3966556,70.88574805,70.3728935,69.8556144,69.33514721,68.81454491,68.28956102,67.76196668,68.10740533,66.88509463,67.08996547
Ratio of female to male labor force participation rate (%) (modeled ILO estimate),SL.TLF.CACT.FM.ZS,Channel Islands,CHI,64.47018386,64.25779393,64.647809,64.12923068,63.93177909,64.34980143,65.51890649,66.2290243,66.71992854,67.71297119,68.09360483,69.92819361,73.71667856,75.12468668,75.55306769,74.59881053,73.89954448,72.68782478,73.45937807,75.38830699,75.94691501,73.57956267,74.04439565,74.41301671,74.65748218,75.07072487,75.71138674,76.35210494,76.7743775,77.31510444,76.94571156,76.77950087
Ratio of female to male labor force participation rate (%) (modeled ILO estimate),SL.TLF.CACT.FM.ZS,Chile,CHL,42.28471248,43.13007054,44.44196465,45.18248139,45.7304229,46.83677418,47.68250699,49.12987425,49.67293347,50.28966662,50.49458537,49.73646331,49.84954273,51.94181756,54.42957271,55.90080072,56.63190832,57.95023001,60.26733952,61.58757844,62.90455704,65.11245849,66.19482468,66.47623948,67.59470564,67.49018462,67.40358134,68.10775968,69.61198175,70.56969627,67.03210771,67.38981625
Ratio of female to male labor force participation rate (%) (modeled ILO estimate),SL.TLF.CACT.FM.ZS,China,CHN,85.87490226,85.79579249,85.71495548,85.63457487,85.55565352,85.47615312,85.39811971,85.31830325,85.24095966,85.16285708,85.08620636,84.74908676,84.40888732,84.06437447,83.71516701,83.36125106,83.00473185,82.6431173,82.27848162,81.91064285,81.53730062,81.7441221,81.94698302,82.17993697,82.43166529,82.69586143,82.97663693,83.2877178,83.62017649,83.94814618,83.010608,82.93444441
Ratio of female to male labor force participation rate (%) (modeled ILO estimate),SL.TLF.CACT.FM.ZS,Colombia,COL,61.50131638,61.60668281,62.03559022,62.68871643,63.43715221,64.13026701,64.31658466,64.78258963,64.83250054,64.10163882,64.51313406,64.76798002,64.30038799,65.72243277,64.46717804,63.82555247,64.35905338,62.82838604,63.61562982,66.40151781,68.3543525,68.89397902,70.44838357,70.7838373,70.75835145,71.34816934,71.44056536,71.47455378,70.82940333,70.29032035,66.2366566,66.90171347
Ratio of female to male labor force participation rate (%) (modeled ILO estimate),SL.TLF.CACT.FM.ZS,Comoros,COM,58.35202196,58.32430172,58.38553615,58.53421267,58.77934129,59.12355075,59.48912288,59.92282799,60.42992262,61.00795597,61.65305637,62.20743986,62.82716688,63.48840618,64.15000845,63.45547011,62.77861433,62.12077835,61.4775221,60.85212712,60.24215202,59.64892947,59.06830672,58.50452879,57.95496891,58.31906326,58.61600113,58.98651351,59.4192992,59.88802997,58.71076668,58.89720037
Ratio of female to male labor force participation rate (%) (modeled ILO estimate),SL.TLF.CACT.FM.ZS,"Congo, Dem. Rep.",COD,97.61049741,97.36261359,97.16758821,97.02235966,96.96644039,97.05554222,96.83349997,96.73930755,96.75383934,96.82013437,96.88115826,96.72456725,96.61726667,96.53921062,96.48895301,96.46513806,95.60380962,94.70100652,93.7595341,92.77684479,91.75573114,90.69628043,89.59728712,89.53066702,89.52907831,89.59798504,89.59654559,89.69344829,89.87864451,90.13802776,88.41857107,88.62520447
Ratio of female to male labor force participation rate (%) (modeled ILO estimate),SL.TLF.CACT.FM.ZS,"Congo, Rep.",COG,92.00637023,92.43555698,92.92768669,93.45311991,93.96375183,94.43882485,94.84983196,95.2302552,95.57673171,95.90263072,96.21191518,96.33965679,96.48874337,96.63393274,96.73982422,96.78643077,96.89827098,96.96630914,97.00600121,97.06561654,97.18078415,96.78890693,96.5119444,96.33725173,96.24585562,96.23175105,96.37513428,96.61337661,96.94464653,97.36165307,95.34580168,96.23843389
Ratio of female to male labor force participation rate (%) (modeled ILO estimate),SL.TLF.CACT.FM.ZS,Costa Rica,CRI,39.97754554,41.61383638,41.16871706,41.85011579,43.34932884,43.84007915,43.34923575,46.46551307,48.86854637,49.77073009,48.34132095,52.85710702,53.02469269,53.50628193,51.83044346,55.9107977,56.1814533,57.1948223,59.05436293,60.33434463,58.87847181,59.99918433,64.95749869,65.52359659,64.48939535,64.27425014,60.86164708,60.60468523,62.6788395,67.86574626,65.38937549,66.80582718
Ratio of female to male labor force participation rate (%) (modeled ILO estimate),SL.TLF.CACT.FM.ZS,Cote d'Ivoire,CIV,57.96782324,58.06189728,58.24569495,58.49685578,58.78604593,59.09147608,59.10776166,59.15796408,59.2413933,59.59633799,59.97123892,60.36600101,60.78335567,61.22178793,61.68422564,62.17059127,62.68206452,63.22037483,63.78499415,64.3789737,65.00314155,65.65801711,66.34497573,67.06555444,67.82191639,68.614806,69.44607368,70.31661585,70.62542586,70.92537757,70.92572113,70.76263968
Ratio of female to male labor force participation rate (%) (modeled ILO estimate),SL.TLF.CACT.FM.ZS,Croatia,HRV,67.47208543,67.25986893,67.96787108,68.71914397,69.51361587,70.35382204,71.24160792,72.17858746,73.16855765,74.21161513,75.31262005,73.34718243,74.16510043,72.93059869,73.14688914,74.09568108,75.91345692,73.36226694,74.67265226,77.62600777,77.33793738,74.63707359,75.67122252,77.2790242,78.88292457,79.27054029,78.6531273,78.2858037,79.28602418,78.47791245,77.10205254,78.16888166
Ratio of female to male labor force participation rate (%) (modeled ILO estimate),SL.TLF.CACT.FM.ZS,Cuba,CUB,55.21537148,53.6927848,52.06462948,49.94570868,50.08620001,50.42258025,51.5903136,51.97720499,51.95116456,52.78780185,53.68548329,54.14825181,54.49153584,55.23341141,56.20743335,57.85119098,59.5574753,60.49902249,60.90217691,61.38896565,61.24402746,59.68695786,59.96764012,60.19178203,60.10493186,60.51732911,60.20502889,60.1007503,60.06846384,59.77493621,58.59758913,58.84973624
Ratio of female to male labor force participation rate (%) (modeled ILO estimate),SL.TLF.CACT.FM.ZS,Curacao,CUW,..,..,..,..,..,..,..,..,..,..,..,..,..,..,..,..,..,..,..,..,..,..,..,..,..,..,..,..,..,..,..,..
Ratio of female to male labor force participation rate (%) (modeled ILO estimate),SL.TLF.CACT.FM.ZS,Cyprus,CYP,54.89998494,55.42430858,57.02631831,58.29498045,59.58465904,60.89520038,62.22698808,63.57888251,64.95259176,66.34903813,67.76546759,71.338055,72.63217724,73.33626061,72.84807815,72.12736604,74.05919598,75.80570819,76.40280935,79.34501416,81.03030641,81.26181068,80.59455018,81.25071154,84.28731992,85.68597826,84.6196737,84.97112297,84.5783193,83.41946562,81.68247227,82.37791898
Ratio of female to male labor force participation rate (%) (modeled ILO estimate),SL.TLF.CACT.FM.ZS,Czechia,CZE,73.63315837,73.41766545,73.40897176,73.40739404,73.6106078,73.22950703,72.54644418,73.07719755,73.5314581,74.15074185,74.33391455,74.25648904,73.72236619,74.50621001,74.15583328,73.73039002,73.74185581,72.84206514,72.31668842,72.5181157,72.48757933,73.26697467,73.92480033,74.78994676,74.57403907,75.34661782,75.84154721,76.29148751,76.80398385,76.74058779,76.05706308,75.91090297
Ratio of female to male labor force participation rate (%) (modeled ILO estimate),SL.TLF.CACT.FM.ZS,Denmark,DNK,81.81563672,83.08616578,84.21891654,84.58676436,82.4231402,79.75321535,81.70363889,81.83343722,83.72283232,83.61934707,84.73271408,84.19426132,84.53495236,83.58316004,84.2354922,84.93607457,85.68313953,85.49577833,85.05118293,86.07406507,86.16423452,86.60635395,87.31209218,88.12682828,86.89416709,85.92851019,87.42500481,87.3943874,86.98772433,86.7330723,86.98507503,86.59925401
Ratio of female to male labor force participation rate (%) (modeled ILO estimate),SL.TLF.CACT.FM.ZS,Djibouti,DJI,24.48484119,24.44960492,24.66491598,25.06004825,25.45199395,25.72128566,26.12030316,26.38170315,26.58048726,26.87262808,27.33355036,27.64485299,28.10873251,28.6895405,29.30715358,29.93863415,30.98654138,32.07837972,33.21669362,34.36221607,35.45651748,36.06469952,36.57288433,37.01048354,37.45644241,37.96550556,38.26553012,38.73729176,39.29529164,39.81262289,38.75124373,39.00151916
Ratio of female to male labor force participation rate (%) (modeled ILO estimate),SL.TLF.CACT.FM.ZS,Dominica,DMA,..,..,..,..,..,..,..,..,..,..,..,..,..,..,..,..,..,..,..,..,..,..,..,..,..,..,..,..,..,..,..,..
Ratio of female to male labor force participation rate (%) (modeled ILO estimate),SL.TLF.CACT.FM.ZS,Dominican Republic,DOM,44.64916931,44.72900508,45.88343264,46.64325635,46.88382618,47.48775257,48.12580389,49.12922247,49.92029379,50.6336131,51.19773645,50.14985794,53.10050697,52.66128454,52.3130874,53.93912084,54.6164761,54.07359169,56.83250661,53.84370531,57.83853064,59.83773109,61.11464702,61.11231882,61.28735804,63.20188345,63.8835024,64.43631074,64.7886597,67.24378647,64.34162438,65.96018995
Ratio of female to male labor force participation rate (%) (modeled ILO estimate),SL.TLF.CACT.FM.ZS,Ecuador,ECU,59.29916221,59.75560563,59.88851581,60.00403996,60.47131201,60.64078509,60.70999752,60.44605821,63.52427427,62.8363185,62.14749188,61.4570593,60.76455052,60.07242875,63.89563085,63.0314302,63.09368142,63.43293769,63.92335589,63.13090755,61.81970619,61.27725434,62.33828436,62.75624995,61.25213343,65.14194843,69.11414312,69.90712669,68.907669,69.59809814,67.00288817,69.71340938
Ratio of female to male labor force participation rate (%) (modeled ILO estimate),SL.TLF.CACT.FM.ZS,"Egypt, Arab Rep.",EGY,31.12971474,31.1075127,32.21244575,30.39038897,31.03724839,29.44036057,28.72637771,28.02748248,27.34248889,27.64333405,28.45857553,29.39224308,26.81340114,27.43658985,28.07478332,28.72820811,29.3970182,32.301745,30.02516661,31.5545057,30.79625034,30.11569058,30.31464198,31.25203552,31.7896578,32.15129828,32.99794717,32.86969388,27.1091225,23.21777853,23.02868385,22.9325674
Ratio of female to male labor force participation rate (%) (modeled ILO estimate),SL.TLF.CACT.FM.ZS,El Salvador,SLV,48.06259372,48.29669956,49.3140119,51.70583339,53.23518469,51.29189312,51.03433349,51.37218022,55.72157738,56.66821526,56.97868207,57.29018438,57.63493331,58.34203316,57.22903435,58.13993166,59.03412994,57.96346132,58.62440559,59.30516561,60.00920441,59.47670713,60.3450993,62.33662147,61.08196937,60.20940382,60.6874789,59.60925752,59.71988911,60.00449904,59.60261367,60.05098353
Ratio of female to male labor force participation rate (%) (modeled ILO estimate),SL.TLF.CACT.FM.ZS,Equatorial Guinea,GNQ,75.42782297,75.43081578,75.33016324,75.25551384,75.38024227,75.74748498,76.35883905,77.18632251,78.06363174,78.83645433,79.46507861,79.98210148,80.52098522,80.95690878,81.2678921,81.49577678,81.97543455,82.47729174,82.89749937,83.26081733,83.6342611,83.93043526,84.38384241,84.8342704,85.24499757,85.67155024,85.84604,86.19904012,86.5642582,86.91176366,84.9782506,85.36839292
Ratio of female to male labor force participation rate (%) (modeled ILO estimate),SL.TLF.CACT.FM.ZS,Eritrea,ERI,81.37728982,80.837319,80.32741252,79.85268,79.42089624,79.04985488,79.320963,79.68315323,80.11981768,80.57905531,81.00685302,82.19846517,83.33924083,84.42482336,85.4559451,86.40892758,86.36358184,86.27298471,86.13013772,85.92034356,85.67062865,85.09449675,84.59137002,84.15153614,83.76349192,83.43026646,83.61178333,83.6940237,83.77639916,83.97828011,82.28583223,83.92886713
Ratio of female to male labor force participation rate (%) (modeled ILO estimate),SL.TLF.CACT.FM.ZS,Estonia,EST,81.38531922,80.34948049,78.30461545,78.29292278,78.11387268,77.53768733,76.98456838,76.4571806,75.9596862,76.75772571,79.21205943,80.1568439,79.38921632,78.46715891,80.78800995,82.60890068,80.97547267,79.11603748,79.62165109,80.52397708,82.30021012,81.86966461,81.08250574,81.01862304,79.25355915,80.52131264,79.90130319,79.92966535,80.49026946,81.60894581,81.53294459,81.87803754
Ratio of female to male labor force participation rate (%) (modeled ILO estimate),SL.TLF.CACT.FM.ZS,Eswatini,SWZ,65.77243905,66.52303612,67.12493717,67.70574928,68.45765216,69.4774696,70.20027371,71.26139965,72.5707853,73.9279727,75.23337084,76.19357984,76.89633836,77.44008472,77.96538153,78.53424567,79.11822947,79.65246285,80.1317056,80.54945287,80.93072495,81.31272861,81.86611743,82.47330092,82.98437801,83.34725899,84.38666359,85.09309385,85.64221883,86.3210742,84.26862636,85.10614951
Ratio of female to male labor force participation rate (%) (modeled ILO estimate),SL.TLF.CACT.FM.ZS,Ethiopia,ETH,74.48660269,74.38903203,74.32441113,74.29094007,74.28798403,75.16012841,76.02048922,76.86797408,77.70426028,78.52822667,79.3370112,80.13431963,80.91790028,81.68706233,82.44178072,83.1833312,83.2819488,83.38387921,83.48785678,83.59594945,83.70708407,83.82146784,83.93800932,84.05916973,84.47855431,84.90349067,85.2547347,85.62366151,85.99819678,86.36185021,84.44573871,85.41856126
Ratio of female to male labor force participation rate (%) (modeled ILO estimate),SL.TLF.CACT.FM.ZS,Faroe Islands,FRO,..,..,..,..,..,..,..,..,..,..,..,..,..,..,..,..,..,..,..,..,..,..,..,..,..,..,..,..,..,..,..,..
Ratio of female to male labor force participation rate (%) (modeled ILO estimate),SL.TLF.CACT.FM.ZS,Fiji,FJI,49.61812777,49.58998963,49.62728168,49.63342082,49.67177212,49.68669127,49.73410117,49.16169731,48.59133625,48.02099406,47.454242,46.88835047,46.32496267,45.76407367,45.2052892,44.64867164,46.64022248,48.66144456,50.70776465,52.77309116,54.85064356,56.93969052,56.06818986,55.22156707,54.39915052,52.20693225,50.07193532,50.237439,50.34101028,50.35351572,50.35420817,50.09633432
Ratio of female to male labor force participation rate (%) (modeled ILO estimate),SL.TLF.CACT.FM.ZS,Finland,FIN,81.98523435,82.08139858,81.93163508,81.78388659,81.84589004,84.77874376,84.65188535,83.28498645,83.7195114,85.32178352,84.86587659,85.36633513,86.07263292,85.87315396,86.550669,87.33840551,87.42280489,87.76185076,87.15249692,88.6538044,87.33918689,86.82240631,87.82462294,88.19921926,88.62648589,89.0331991,88.12782898,87.96742021,88.47493711,88.26256376,87.74158466,88.17879348
Ratio of female to male labor force participation rate (%) (modeled ILO estimate),SL.TLF.CACT.FM.ZS,France,FRA,70.82288955,72.36785287,73.18917107,74.52756853,75.25834458,76.05678513,76.34313765,76.23141706,77.12674526,77.36816123,77.97784853,77.91435359,77.96343552,79.79701649,79.66408624,80.64573226,81.08238416,81.87272634,82.24718951,82.71670379,82.94645114,83.24628805,83.3309064,84.00454369,84.66936871,84.79543744,85.16014938,84.97863292,85.41767112,85.90536448,86.09037734,86.96606623
Ratio of female to male labor force participation rate (%) (modeled ILO estimate),SL.TLF.CACT.FM.ZS,French Polynesia,PYF,68.95375289,69.30974795,69.17719206,68.96143289,68.85283225,68.69973849,68.50844215,68.75857217,69.01481484,69.27801458,69.54625493,69.82250512,70.10517052,70.64630301,71.20600659,71.78232217,72.37695494,72.99018609,73.87228325,74.76424451,75.66400168,76.57153484,77.49025816,77.47760246,77.49290654,77.67356773,77.78743582,78.06198978,78.34143219,78.50033526,76.71232792,77.03259596
Ratio of female to male labor force participation rate (%) (modeled ILO estimate),SL.TLF.CACT.FM.ZS,Gabon,GAB,61.34637777,61.12901746,60.98264276,60.90959639,60.92056506,61.02509213,61.15473583,61.38088035,61.69057858,62.05942679,62.47968226,62.98154919,63.52486552,64.09302211,64.66428126,65.21273869,66.05427059,66.83520216,67.53090705,68.12927003,68.62177429,69.22245154,69.76674484,70.19706593,70.50501059,70.72933377,70.23001814,69.77809837,69.38821694,69.09776382,68.43361001,68.61187095
Ratio of female to male labor force participation rate (%) (modeled ILO estimate),SL.TLF.CACT.FM.ZS,"Gambia, The",GMB,65.82807347,64.98014208,64.33301366,63.82257745,64.31739003,64.81428419,65.31236848,65.81341288,66.31527587,66.81936631,67.32481105,67.830289,68.33975141,68.84940462,69.36121053,69.87522391,70.38977638,70.90756147,71.42316155,71.94303759,72.46364036,72.98670765,73.50904918,73.72225866,73.94319737,74.1712273,74.25293449,74.3781136,74.54924864,74.7793607,73.10865496,73.82694854
Ratio of female to male labor force participation rate (%) (modeled ILO estimate),SL.TLF.CACT.FM.ZS,Georgia,GEO,75.4179404,75.91230503,76.46598822,77.09380101,77.80649307,77.32680364,76.28950903,75.39051858,75.03275979,77.28082791,73.64200203,76.73287702,73.94810513,75.61753013,76.71414462,75.97507346,74.23731966,75.03422054,72.69817839,71.51292567,72.50836246,71.87043105,71.89780381,70.81028748,71.84978034,73.52544371,71.74117919,73.36106251,75.50612201,75.09609136,73.34538536,74.95957643
Ratio of female to male labor force participation rate (%) (modeled ILO estimate),SL.TLF.CACT.FM.ZS,Germany,DEU,63.02653075,66.98280053,67.79471337,68.05888942,68.83767609,69.53568192,70.20243469,71.00941282,71.59201495,72.6771065,73.29703961,74.45719044,75.1411492,76.09034939,76.35170863,77.24958135,78.37731827,79.10913845,79.2030968,79.95136864,80.3091819,81.16994719,81.32102924,82.18969391,82.58548991,83.05859753,83.59335941,83.8184146,83.76938495,83.89616554,85.41929737,86.07228569
Ratio of female to male labor force participation rate (%) (modeled ILO estimate),SL.TLF.CACT.FM.ZS,Ghana,GHA,97.07832239,97.24391444,96.98762016,96.72601095,96.45898325,96.18654891,95.90734235,95.62129441,95.33088704,95.03350312,94.73161859,94.35793585,93.97827929,93.59248253,93.20045611,92.8022522,92.39644882,91.98542228,91.56797006,91.14267538,90.71324561,90.27726671,89.83444647,89.38480196,88.93081704,88.46851097,88.71323952,89.00826943,89.336223,89.68127285,89.67932268,89.33050834
Ratio of female to male labor force participation rate (%) (modeled ILO estimate),SL.TLF.CACT.FM.ZS,Gibraltar,GIB,..,..,..,..,..,..,..,..,..,..,..,..,..,..,..,..,..,..,..,..,..,..,..,..,..,..,..,..,..,..,..,..
Ratio of female to male labor force participation rate (%) (modeled ILO estimate),SL.TLF.CACT.FM.ZS,Greece,GRC,53.86065621,51.19743416,53.19432529,53.79512951,54.19898874,55.08695243,56.97348656,57.56066199,60.28696194,62.07928749,62.23761971,61.71847011,62.57099848,63.36227485,65.24578486,65.53644521,65.95118585,66.0064928,66.10531975,67.93662754,69.35161086,70.42031236,71.76943815,71.8278847,73.35310289,74.82914533,75.25529555,74.59090481,73.82882777,73.95914893,73.67002321,74.51125424
Ratio of female to male labor force participation rate (%) (modeled ILO estimate),SL.TLF.CACT.FM.ZS,Greenland,GRL,..,..,..,..,..,..,..,..,..,..,..,..,..,..,..,..,..,..,..,..,..,..,..,..,..,..,..,..,..,..,..,..
Ratio of female to male labor force participation rate (%) (modeled ILO estimate),SL.TLF.CACT.FM.ZS,Grenada,GRD,..,..,..,..,..,..,..,..,..,..,..,..,..,..,..,..,..,..,..,..,..,..,..,..,..,..,..,..,..,..,..,..
Ratio of female to male labor force participation rate (%) (modeled ILO estimate),SL.TLF.CACT.FM.ZS,Guam,GUM,71.02730888,71.7396503,72.48573891,73.26716468,74.08418352,74.94234442,75.84070571,76.78211797,77.77072268,78.80664855,79.89443932,79.78172779,77.62108738,76.15261979,74.68158914,81.62903632,78.97716361,72.1888092,74.37137448,76.49476392,85.32486227,81.52952579,81.80482525,82.03958915,82.24988121,82.23908011,82.18082074,82.09181394,81.91248095,82.00093421,80.05831559,80.25859957
Ratio of female to male labor force participation rate (%) (modeled ILO estimate),SL.TLF.CACT.FM.ZS,Guatemala,GTM,45.88759438,46.03189206,46.26746421,46.41944798,46.62729931,46.98361961,47.08547193,47.41010762,47.84505758,48.15887271,48.41667119,48.60157132,48.93320405,49.13552375,49.46443422,49.24992746,49.0383274,48.82672057,48.61917423,48.41101962,48.20635536,48.00337356,48.32860449,48.66615873,48.59191476,45.97660102,47.81636809,45.98172827,46.45922298,46.97617741,46.03123944,46.54781484
Ratio of female to male labor force participation rate (%) (modeled ILO estimate),SL.TLF.CACT.FM.ZS,Guinea,GIN,98.29528371,97.61765523,97.11353578,96.75367952,96.51344332,96.37511091,95.88938911,95.54809765,95.33580517,95.24826176,95.28937119,94.87280157,94.60774363,94.48365483,94.47078143,94.54448921,94.67464416,94.8688999,95.12494011,95.43910257,95.80628078,96.17848475,96.61550909,97.10806083,97.63009408,98.16394334,99.00146612,99.8651807,100.7510223,101.6563168,99.29109068,99.7957823
Ratio of female to male labor force participation rate (%) (modeled ILO estimate),SL.TLF.CACT.FM.ZS,Guinea-Bissau,GNB,77.61880052,77.57212059,77.55263527,77.58467351,77.70872021,77.93482212,77.92134795,78.03336704,78.22427082,78.43988723,78.65369399,78.89786108,79.1583641,79.43934078,79.74181112,80.05612365,80.24411166,80.45462181,80.66749329,80.87034229,81.05566237,81.12190337,81.2142291,81.3217922,81.44136575,81.57868264,81.66827247,81.79615894,81.96389723,82.17753949,81.38848115,81.49234958
Ratio of female to male labor force participation rate (%) (modeled ILO estimate),SL.TLF.CACT.FM.ZS,Guyana,GUY,45.67741845,46.57380702,47.51320025,48.39883933,47.83931454,47.28206001,46.72761136,46.17574712,45.62646649,45.07865197,44.5336778,43.99248477,43.45378411,44.45273347,45.48134502,46.54062477,47.6315878,48.75390837,49.91238383,51.10642309,52.33740804,53.60517822,54.91571937,56.26743328,57.66189899,59.10303102,60.59126427,62.12781497,63.71895531,64.32311378,62.31688312,62.87969917
Ratio of female to male labor force participation rate (%) (modeled ILO estimate),SL.TLF.CACT.FM.ZS,Haiti,HTI,73.37586094,74.1878701,75.03095415,75.90933696,76.82416815,77.77490797,78.63896076,79.54213001,80.4891467,81.47957166,82.51702352,82.84523805,83.17104124,83.49731277,83.81999359,84.1414756,84.44135951,84.73867424,85.03205968,85.32418928,85.61369943,86.63363026,87.23099355,88.08031529,88.66190149,88.95021937,89.21140381,89.40962648,89.66180594,89.47579777,87.46330326,88.04004143
Ratio of female to male labor force participation rate (%) (modeled ILO estimate),SL.TLF.CACT.FM.ZS,Honduras,HND,50.24812243,49.7247066,50.27696191,50.89683151,50.82166949,51.40478714,51.50364429,51.90165683,52.19381536,52.02204123,50.8216179,50.7261146,50.64458014,50.57967016,50.52937974,50.49587362,47.31290374,47.22270644,49.46629249,50.69873746,52.53931719,49.73563224,48.78203527,52.99266041,55.8967741,57.02584368,56.86739719,55.16566543,60.30484561,54.41677965,52.98233875,53.62300547
Ratio of female to male labor force participation rate (%) (modeled ILO estimate),SL.TLF.CACT.FM.ZS,"Hong Kong SAR, China",HKG,59.00956716,60.63645959,59.26699073,59.50428428,60.76255291,62.1101418,62.90360694,63.34612023,64.27478265,65.62672214,67.05455647,69.45807824,71.64436875,71.6945791,72.30812063,73.05798297,74.19254775,75.31973791,76.24519154,76.66973892,75.77035643,77.40091525,77.92156748,78.74281278,79.25332028,79.52940276,79.88334118,80.58259133,80.43116346,81.4828492,81.83823534,81.37932406
Ratio of female to male labor force participation rate (%) (modeled ILO estimate),SL.TLF.CACT.FM.ZS,Hungary,HUN,74.43881207,74.31376816,74.29697013,73.62576061,72.33635904,68.3899431,69.17429772,68.35684251,70.79395883,71.26259387,71.24250385,71.2586861,71.94407269,72.82672228,73.09696383,73.88029428,73.59722967,73.16936245,73.52115731,73.99778838,75.67310981,75.3643325,75.89779707,75.0037385,75.10507313,75.03207414,74.66088321,74.22150101,74.04243804,73.37384115,73.18598729,77.46466283
Ratio of female to male labor force participation rate (%) (modeled ILO estimate),SL.TLF.CACT.FM.ZS,Iceland,ISL,83.79996634,83.13900479,84.11468562,86.33536607,87.15014728,86.71491393,85.31720608,84.88349081,85.56664284,87.7402691,88.79991011,86.8458179,87.66215844,87.71497975,87.77443251,87.84191011,87.47430315,87.36140442,87.31667291,88.96119301,89.24662983,89.57783256,90.99515444,90.82660678,89.74997148,90.30253775,88.8860532,89.31689741,89.3497953,89.4512897,88.95409151,87.52253477
Ratio of female to male labor force participation rate (%) (modeled ILO estimate),SL.TLF.CACT.FM.ZS,India,IND,36.1439939,36.21347588,36.31588832,36.46317974,36.66949468,36.73092903,36.79479944,36.85840727,36.92493545,36.99186317,37.0604106,37.43794944,37.81543263,38.196963,38.57956065,38.96523415,37.6723408,36.40425938,35.15989291,33.94086546,32.74935835,31.11345253,29.53081126,29.23976656,28.95550098,28.68112947,28.41533671,28.15639792,27.90716424,28.9152844,26.79350824,27.43964934
Ratio of female to male labor force participation rate (%) (modeled ILO estimate),SL.TLF.CACT.FM.ZS,Indonesia,IDN,61.04613586,59.81677135,60.92498888,60.08743118,60.8067187,60.77023277,60.73245355,59.88958127,61.48546835,61.21794072,61.41137814,59.10930505,57.06678046,57.115203,55.98395901,55.54027183,55.67399699,60.18420988,61.04891754,61.3752665,61.90870103,61.44909903,61.68465078,61.16502516,61.22821805,61.55666311,62.31212032,63.72823169,64.59580214,65.38899661,65.23621799,65.75892522
Ratio of female to male labor force participation rate (%) (modeled ILO estimate),SL.TLF.CACT.FM.ZS,"Iran, Islamic Rep.",IRN,12.23047092,12.41653168,12.74568991,13.09030958,13.45216886,13.83314586,14.23254718,15.26124408,16.35678807,17.52242053,18.75935187,20.07245995,21.46294368,22.93612151,24.49104438,26.13394258,25.63909495,24.42486099,21.89801678,22.97574896,22.49365306,20.81061332,22.37473224,19.74728105,19.25935937,21.00842822,23.49745107,24.87063712,24.80867364,24.12220544,20.39687973,21.08216138
Ratio of female to male labor force participation rate (%) (modeled ILO estimate),SL.TLF.CACT.FM.ZS,Iraq,IRQ,10.68700237,10.77004602,10.91856868,10.99249838,11.06370246,11.14470777,11.21896437,11.32305289,11.78485859,12.26721473,12.76771711,13.28957635,13.83326526,14.3992053,14.98801562,15.60012774,16.23746291,16.9014474,16.85306561,16.8043801,16.75586364,16.70705256,16.66003074,17.67410573,18.74204832,19.45084496,20.18338396,15.43840764,15.50603735,15.61772563,15.46826928,15.43692431
Ratio of female to male labor force participation rate (%) (modeled ILO estimate),SL.TLF.CACT.FM.ZS,Ireland,IRL,51.34310862,52.21576441,54.01129518,56.63246035,57.81597545,58.76376295,60.78270276,62.08601998,63.81395217,65.59106844,66.4539179,67.01344547,69.1610588,69.86687908,69.8480972,71.90803753,72.36391916,74.58108289,75.55185986,77.64970807,78.72625715,79.42255865,79.65325331,80.2185824,79.78127266,79.4012921,80.5308081,81.18225624,81.78580818,81.92465098,81.77540711,82.43186471
Ratio of female to male labor force participation rate (%) (modeled ILO estimate),SL.TLF.CACT.FM.ZS,Isle of Man,IMN,..,..,..,..,..,..,..,..,..,..,..,..,..,..,..,..,..,..,..,..,..,..,..,..,..,..,..,..,..,..,..,..
Ratio of female to male labor force participation rate (%) (modeled ILO estimate),SL.TLF.CACT.FM.ZS,Israel,ISR,64.39657799,64.9235685,67.02184236,66.97605866,69.1634048,70.6046364,71.48036689,72.18369631,73.20290315,75.42434715,76.73304005,77.44632101,78.0832922,79.71138623,79.86766741,80.48911866,80.49105335,80.52815554,80.55025987,82.90531589,82.88202776,82.50906206,83.84304557,83.90466484,85.2258151,85.31122173,85.92162256,85.94574609,87.60514624,88.12014584,88.84343108,88.56300304
Ratio of female to male labor force participation rate (%) (modeled ILO estimate),SL.TLF.CACT.FM.ZS,Italy,ITA,53.21626251,53.96461258,52.62081666,52.31253703,53.12172601,53.89451525,54.72446189,55.18855852,55.926271,57.28868234,57.8655615,58.99005194,59.54616192,60.08977968,62.11680173,62.32861934,62.77097547,62.77295945,64.03503111,64.17677368,64.60677442,65.39535852,67.03287485,67.65643627,68.34845833,67.54494573,68.27086802,68.96941225,69.20318557,69.74322291,68.92733681,69.26309217
Ratio of female to male labor force participation rate (%) (modeled ILO estimate),SL.TLF.CACT.FM.ZS,Jamaica,JAM,81.13313025,80.78557823,80.43447029,80.07985887,79.72317133,79.3624062,78.99819481,78.6320275,78.26436257,77.39748825,75.41659138,73.42443657,73.82559532,74.25042321,75.03393477,75.87433855,76.71324627,77.55002396,77.85797183,77.5521923,77.84577487,78.20512946,79.38538423,80.38495506,79.83366724,80.07031875,82.37990479,82.88853866,82.32668719,82.29569767,80.35283313,80.13228368
Ratio of female to male labor force participation rate (%) (modeled ILO estimate),SL.TLF.CACT.FM.ZS,Japan,JPN,64.89638675,65.33522612,65.08308966,64.48725365,64.52414409,64.43352134,64.35035481,64.86483115,64.81275163,64.49956084,64.44351218,64.91870915,64.91992058,65.07083415,65.69176669,65.96287986,66.20213304,66.21512276,66.5836151,67.31517405,67.61685851,67.65562232,67.97146562,69.36143695,69.88606317,70.55583543,71.44969232,72.48134427,73.73601012,74.65070927,74.50963856,75.03766041
Ratio of female to male labor force participation rate (%) (modeled ILO estimate),SL.TLF.CACT.FM.ZS,Jordan,JOR,21.87840173,22.16713215,22.88903008,23.18757421,23.53651973,23.98432949,23.99161853,24.10588361,24.25231754,24.41615139,24.59495503,24.82181352,25.05487153,25.22716249,25.50338783,25.7229758,25.89409673,26.0585094,26.1871515,26.25820244,26.23830259,26.2230514,26.23231026,26.27576795,26.37907205,26.53669542,26.71809111,26.95088555,23.82399233,21.87011789,21.58154504,21.6119511
Ratio of female to male labor force participation rate (%) (modeled ILO estimate),SL.TLF.CACT.FM.ZS,Kazakhstan,KAZ,85.44768068,85.53767863,85.59667576,85.72043567,85.93616775,86.08332329,86.03756508,85.96799233,85.97125911,85.89929719,85.72863304,85.55967673,85.47728871,85.94714968,85.67137874,86.16313115,86.65119576,87.13414953,87.61022242,86.31353743,86.16177445,86.04048706,85.91721559,85.79702002,85.33214003,84.87633646,84.03826384,83.18022398,83.23539712,83.30405748,84.37168937,83.78135325
Ratio of female to male labor force participation rate (%) (modeled ILO estimate),SL.TLF.CACT.FM.ZS,Kenya,KEN,90.24377162,90.64601624,91.17550253,91.78973458,92.43243527,93.05889735,93.54515939,93.91731714,94.24540694,94.62538992,94.47125055,94.31520531,94.16251268,94.01184142,93.86181448,93.71507782,93.56905669,93.42618652,93.28399246,93.14370059,93.00527207,92.86618219,92.73147199,92.59726269,92.46615626,92.33555006,92.20682693,93.04294451,93.92597215,94.8662258,93.95514944,93.93891053
Ratio of female to male labor force participation rate (%) (modeled ILO estimate),SL.TLF.CACT.FM.ZS,Kiribati,KIR,..,..,..,..,..,..,..,..,..,..,..,..,..,..,..,..,..,..,..,..,..,..,..,..,..,..,..,..,..,..,..,..
Ratio of female to male labor force participation rate (%) (modeled ILO estimate),SL.TLF.CACT.FM.ZS,"Korea, Dem. People's Rep.",PRK,88.45927707,88.68688714,89.04793435,89.3174142,89.48436087,89.76397518,89.99527762,90.39857238,90.50026919,90.23744107,90.26047841,90.1164834,90.10001075,90.05324101,89.99366349,89.85143078,89.93834405,90.02765908,89.90525034,89.97476068,90.02328424,90.00679407,89.96703902,89.94006066,89.91526794,89.99654017,89.83466918,90.03354872,90.27592496,90.36511061,89.99605401,89.60309098
Ratio of female to male labor force participation rate (%) (modeled ILO estimate),SL.TLF.CACT.FM.ZS,"Korea, Rep.",KOR,63.4778978,62.80216683,62.27801897,62.19228348,62.66677211,63.33815468,64.13365867,65.42204185,62.70396541,63.98029723,66.25936407,67.12756939,67.05244436,66.02187738,67.35598984,67.8050118,68.4177249,68.3888802,68.62150698,68.02689569,68.38866243,68.51682062,68.69571012,69.09395941,69.91902276,70.56918394,71.02323157,71.67340165,72.16171423,73.15535637,73.09991531,73.69561655
Ratio of female to male labor force participation rate (%) (modeled ILO estimate),SL.TLF.CACT.FM.ZS,Kosovo,XKX,..,..,..,..,..,..,..,..,..,..,..,..,..,..,..,..,..,..,..,..,..,..,..,..,..,..,..,..,..,..,..,..
Ratio of female to male labor force participation rate (%) (modeled ILO estimate),SL.TLF.CACT.FM.ZS,Kuwait,KWT,53.9711683,54.51628801,54.73936179,55.18586019,55.51584654,55.16969121,55.54663755,56.02808241,56.48094773,57.20594359,57.44192455,57.83419518,58.05822426,57.43373908,57.32476862,57.22684399,57.13936027,57.06369979,56.99721168,56.93934665,56.89254683,56.85424037,56.82545014,56.80442895,56.79110911,56.78659582,56.78972282,57.12580408,57.10881996,57.15934487,55.92014151,56.59395843
Ratio of female to male labor force participation rate (%) (modeled ILO estimate),SL.TLF.CACT.FM.ZS,Kyrgyz Republic,KGZ,70.62185758,71.36413742,72.68044541,74.20523643,76.44563784,77.1437256,76.57264841,75.74216681,75.68400281,75.47134066,75.06062086,74.64660631,74.73537739,73.35967562,71.98772826,71.02638402,70.15608946,69.96923726,69.78929676,69.61197145,68.21194701,68.16387053,67.0027044,64.36796625,67.17311334,66.11476106,64.08484797,61.18952893,59.47212523,59.3321194,58.5045886,58.79866041
Ratio of female to male labor force participation rate (%) (modeled ILO estimate),SL.TLF.CACT.FM.ZS,Lao PDR,LAO,97.95604359,97.88701457,97.75739546,97.61074926,97.36934905,97.17862801,97.1107824,97.04140738,96.97047232,96.89916594,96.82626838,96.75183379,96.67703078,96.60181229,96.52498769,96.44770862,96.36870935,96.28800525,96.20807021,96.12515719,96.04173255,96.02026924,96.01840083,96.03873614,96.07689718,96.13051112,96.19961639,96.28037494,96.365738,96.42907283,96.23045278,95.76402679
Ratio of female to male labor force participation rate (%) (modeled ILO estimate),SL.TLF.CACT.FM.ZS,Latvia,LVA,73.34925669,73.30837506,73.66986017,73.89272698,73.80840334,73.80364624,73.72870702,76.25702199,75.71064442,74.09392021,75.45087615,77.89656735,77.67442792,78.38751166,77.30335322,77.24860572,77.28544692,76.9296528,79.03397221,81.35137726,82.90232959,81.25928553,81.79969544,81.72959421,80.34631788,80.29648772,81.93958,81.37466538,81.61670933,81.85813577,81.71146529,81.61670729
Ratio of female to male labor force participation rate (%) (modeled ILO estimate),SL.TLF.CACT.FM.ZS,Lebanon,LBN,26.44881336,26.92736297,27.53255885,27.97789947,28.36219708,28.73609683,28.93442687,29.04919386,29.23777235,29.37260151,29.49539468,29.43499218,29.40335791,29.41819735,29.57343944,30.21541709,30.87610904,31.55526132,32.14846402,32.68602508,33.03530528,32.96408737,32.7975634,32.55813734,32.3172214,32.15802169,32.30416379,32.48372649,32.68256517,32.84309976,32.15165303,32.25455413
Ratio of female to male labor force participation rate (%) (modeled ILO estimate),SL.TLF.CACT.FM.ZS,Lesotho,LSO,80.10120507,80.608394,81.13829194,81.7181366,82.36120153,83.06403219,83.57207591,84.11244937,84.68456805,85.29749565,84.79215205,84.27799867,83.75379033,83.21954006,82.67722539,82.12644689,81.56724411,80.99895161,80.42082849,79.83604066,79.24266585,78.6409476,78.03207096,77.41625656,77.86088015,78.3906452,78.63003107,78.96226378,79.32664981,79.67488386,78.0504929,78.59355133
Ratio of female to male labor force participation rate (%) (modeled ILO estimate),SL.TLF.CACT.FM.ZS,Liberia,LBR,84.65733864,84.81657098,85.11713852,85.49921949,85.82468826,85.91242871,86.09193169,86.24900675,86.35574602,86.49183478,86.76803755,86.6388743,86.58709989,86.60955866,86.63758325,86.59570773,86.50625758,86.42874251,86.36341012,86.3500986,86.4312056,86.49715036,86.62315557,86.81604855,87.06876071,87.3733715,87.66853044,88.00420991,88.3776488,88.77492146,86.83061123,87.53715665
Ratio of female to male labor force participation rate (%) (modeled ILO estimate),SL.TLF.CACT.FM.ZS,Libya,LBY,46.49143834,46.93946369,47.46506166,48.0368532,48.61115443,49.16562024,49.70582244,50.20485984,50.68362694,51.1777442,51.69960003,52.2318496,52.78268199,53.3261872,53.81964835,54.24708331,54.5664792,54.81642294,55.01002861,55.17415981,55.32703294,55.34655882,55.36192429,55.37403615,55.379059,55.37971159,55.50082594,55.65093635,55.82253431,56.01793176,56.01677523,55.96122372
Ratio of female to male labor force participation rate (%) (modeled ILO estimate),SL.TLF.CACT.FM.ZS,Liechtenstein,LIE,..,..,..,..,..,..,..,..,..,..,..,..,..,..,..,..,..,..,..,..,..,..,..,..,..,..,..,..,..,..,..,..
Ratio of female to male labor force participation rate (%) (modeled ILO estimate),SL.TLF.CACT.FM.ZS,Lithuania,LTU,76.42142557,76.36329012,76.29784406,76.41287341,76.53910794,76.48552009,76.41523824,76.33760105,76.29959825,80.58791424,82.62443775,81.67400979,80.4065419,82.88942699,80.50893575,80.7247664,81.87911847,81.00730975,81.23512624,83.96180701,84.72564953,83.54414338,84.13745385,82.56700567,82.82789868,83.90845103,84.27957081,84.09436869,83.61164691,84.41997876,83.31833259,84.48832691
Ratio of female to male labor force participation rate (%) (modeled ILO estimate),SL.TLF.CACT.FM.ZS,Luxembourg,LUX,49.61697327,52.15123031,56.86394501,54.73640834,56.67797664,54.03767953,56.62975852,58.97665097,59.64912467,63.31762126,62.60575884,64.51445823,65.46757809,67.08571264,69.95784299,71.21937272,72.44166638,73.67874388,74.92874439,74.91036259,75.61931546,77.24814561,78.98045092,79.13432992,80.06051218,83.42583647,83.2451806,86.37663951,87.26905739,85.32639833,88.31915681,89.22403292
Ratio of female to male labor force participation rate (%) (modeled ILO estimate),SL.TLF.CACT.FM.ZS,"Macao SAR, China",MAC,62.79435777,63.22348824,65.09877721,66.02557614,66.96156882,67.90566049,68.85339302,69.8055405,70.55991971,73.42915712,75.66752492,76.65219545,77.70634741,76.60034599,78.161608,80.22395511,80.0135636,82.50065454,83.10941656,85.16916295,85.12309868,86.39519347,84.9908333,86.12754715,85.31728724,85.54753133,86.5379686,87.23662584,88.62410259,89.41011712,89.18494051,90.77230493
Ratio of female to male labor force participation rate (%) (modeled ILO estimate),SL.TLF.CACT.FM.ZS,Madagascar,MDG,94.08814205,94.10531725,94.1502446,94.21332259,94.27751992,94.33644288,94.30868016,94.29263607,94.2905322,94.30551543,94.34195983,94.32912902,94.3601851,94.42663009,94.51457627,94.61987915,94.52950059,94.44015878,94.34965949,94.25807494,94.16751568,94.0758065,93.98189455,93.88900453,93.79391273,93.69984071,93.94433027,94.17249695,94.39167611,94.60945519,92.6602497,93.07722712
Ratio of female to male labor force participation rate (%) (modeled ILO estimate),SL.TLF.CACT.FM.ZS,Malawi,MWI,96.28413877,96.04559254,96.00112509,96.07502561,96.1230635,96.03666084,95.75004016,95.43662304,95.12355493,94.56549436,94.01480416,93.47130968,92.9325983,92.4021437,91.87632245,91.35858024,90.84397692,90.33838322,89.83591296,89.34101424,88.85019593,88.36568109,87.88511309,87.4117512,87.7534294,88.10929012,88.55401922,88.98632392,89.43399868,89.93729497,88.98970519,89.50132639
Ratio of female to male labor force participation rate (%) (modeled ILO estimate),SL.TLF.CACT.FM.ZS,Malaysia,MYS,57.47549407,57.63038739,57.58240283,57.53456869,57.48680477,57.43837229,57.39232592,57.34452072,57.29687243,57.25127226,57.20421969,57.1578316,57.11172261,57.06703475,57.02100012,56.97621503,56.9308199,56.88646381,56.44502364,57.2744236,57.09503644,58.49439078,59.89186158,63.06830517,64.5837902,64.99626077,65.53648042,66.09595717,66.32710966,66.45516804,66.28122147,66.00559383
Ratio of female to male labor force participation rate (%) (modeled ILO estimate),SL.TLF.CACT.FM.ZS,Maldives,MDV,26.15446546,28.2475574,30.47525451,32.84157753,35.35030387,38.00347265,40.60924935,43.33174653,46.17067431,49.12230317,52.18206748,52.59372722,53.01229146,53.43812196,53.87185943,54.31378928,54.76261187,55.22157324,55.68757342,56.1612085,56.09778362,56.05448986,56.0359574,56.03700193,56.05928975,56.1025993,56.16340775,55.54079756,53.82919031,51.541894,50.6774044,50.85785186
Ratio of female to male labor force participation rate (%) (modeled ILO estimate),SL.TLF.CACT.FM.ZS,Mali,MLI,75.60002718,75.51390452,75.48247223,75.49874829,75.56218326,75.6757466,75.58704703,75.59213678,75.65321207,75.72033703,75.76999515,75.68328592,75.60732886,75.53987922,75.48748729,75.44947886,75.22648729,75.05948409,74.93686017,74.85059523,74.80394978,74.56831882,74.4176256,74.33677151,74.31167804,76.74933354,74.43103147,72.11283161,72.29014682,72.52836292,72.52917941,72.39341298
Ratio of female to male labor force participation rate (%) (modeled ILO estimate),SL.TLF.CACT.FM.ZS,Malta,MLT,35.70062242,35.94741134,36.661567,37.54551446,37.9996693,38.32903159,39.08173944,40.22361499,40.55353408,41.3815971,42.20122118,41.05336553,43.79077273,43.57898653,40.56790659,44.34030939,44.67290686,47.79101508,50.03057858,51.00486523,51.9033929,53.76480237,59.02739726,61.35439883,63.2411075,64.15646904,66.37798782,68.09180576,70.67166664,72.10993541,74.44088332,74.33380216
Ratio of female to male labor force participation rate (%) (modeled ILO estimate),SL.TLF.CACT.FM.ZS,Marshall Islands,MHL,..,..,..,..,..,..,..,..,..,..,..,..,..,..,..,..,..,..,..,..,..,..,..,..,..,..,..,..,..,..,..,..
Ratio of female to male labor force participation rate (%) (modeled ILO estimate),SL.TLF.CACT.FM.ZS,Mauritania,MRT,40.03213309,40.04574147,40.10977835,40.21460532,40.33944951,40.48016446,40.6059373,40.73458291,40.88116219,41.05714271,41.26489193,41.45312888,41.65239245,41.86219336,42.08227864,42.31421223,42.55841165,42.8125285,43.08122322,43.36064106,43.65269664,43.95939621,44.27967773,44.2480424,44.21564868,44.18479116,44.15336857,44.12189805,44.3199915,44.53570923,44.10979287,44.05209923
Ratio of female to male labor force participation rate (%) (modeled ILO estimate),SL.TLF.CACT.FM.ZS,Mauritius,MUS,47.46167451,47.85378861,48.04827458,48.13840388,48.26695271,48.513551,48.61398716,48.73735481,48.88242471,49.04046913,49.20505015,48.73705395,48.25313017,49.6808305,51.13858032,53.3688869,54.1336312,53.29681915,55.08569914,55.84789491,57.87863544,57.119803,57.50802318,59.95748117,60.04290479,61.9464389,60.99956172,61.22872222,62.07036505,63.04129655,61.31944234,61.61140207
Ratio of female to male labor force participation rate (%) (modeled ILO estimate),SL.TLF.CACT.FM.ZS,Mexico,MEX,39.84016961,40.36370845,41.22223885,42.08898047,43.74648849,45.49458594,45.4506897,47.4223327,47.17544789,46.38607138,47.53053804,46.89108287,47.65792114,48.47437049,49.90005872,50.93993317,52.15533693,52.84459859,52.87662037,54.1261175,54.02797906,54.60115637,55.64872603,55.90650985,55.00974517,55.58557795,55.84242603,55.36937483,56.17126232,57.95191323,57.19091312,58.09056232
Ratio of female to male labor force participation rate (%) (modeled ILO estimate),SL.TLF.CACT.FM.ZS,"Micronesia, Fed. Sts.",FSM,..,..,..,..,..,..,..,..,..,..,..,..,..,..,..,..,..,..,..,..,..,..,..,..,..,..,..,..,..,..,..,..
Ratio of female to male labor force participation rate (%) (modeled ILO estimate),SL.TLF.CACT.FM.ZS,Moldova,MDA,86.98906876,87.24753906,87.45338996,87.54841952,87.64174927,87.62477072,87.82410999,87.74993747,88.00757848,88.14100646,88.04681246,88.74378701,91.4793443,90.1248144,92.65430919,94.65891426,86.02970632,88.23628096,87.76906815,85.90509254,85.91743021,86.15962145,87.70761494,86.69514539,85.33745733,85.45031897,84.83615043,86.99836733,84.62182667,81.3023933,80.18610003,77.11235435
Ratio of female to male labor force participation rate (%) (modeled ILO estimate),SL.TLF.CACT.FM.ZS,Monaco,MCO,..,..,..,..,..,..,..,..,..,..,..,..,..,..,..,..,..,..,..,..,..,..,..,..,..,..,..,..,..,..,..,..
Ratio of female to male labor force participation rate (%) (modeled ILO estimate),SL.TLF.CACT.FM.ZS,Mongolia,MNG,86.97467544,87.14536804,87.42592059,87.55764384,87.51326059,87.34648987,87.30804474,87.23082449,87.1737426,87.12855577,87.12422138,87.08598506,87.02684077,86.95537552,86.77261112,86.58873589,86.40644005,86.22282639,85.77284501,84.80213114,83.7483577,82.66556038,82.52852426,82.39272725,82.37681725,81.69005437,81.46840881,82.26646473,77.07696107,78.16697955,77.57234474,77.35234035
Ratio of female to male labor force participation rate (%) (modeled ILO estimate),SL.TLF.CACT.FM.ZS,Montenegro,MNE,75.59674819,75.66160121,75.69843191,75.70731388,75.6602237,75.60718433,75.56899671,75.54562962,75.51670828,75.58438655,75.55684739,75.55171187,75.54198177,75.52755303,75.50886563,75.49933591,75.5059819,75.53579819,75.59268117,75.54147211,75.55917864,75.58825863,76.40579721,76.83257089,77.65814728,79.25378844,77.00299546,76.27764528,74.81336782,76.51422104,76.58064968,77.11673216
Ratio of female to male labor force participation rate (%) (modeled ILO estimate),SL.TLF.CACT.FM.ZS,Morocco,MAR,28.72888136,29.20493873,29.19819108,29.25533273,29.89865717,29.80860441,30.57914824,30.74824388,31.3889139,31.72062864,32.05844958,32.6747977,32.17404624,32.62898331,33.08978665,33.55826031,34.03152957,34.51103711,34.99828876,34.8140275,34.63637019,34.29352683,33.61375599,34.39178338,34.76646428,34.56994448,33.39898822,33.59136864,33.76579639,33.9119285,33.23603131,33.37225443
Ratio of female to male labor force participation rate (%) (modeled ILO estimate),SL.TLF.CACT.FM.ZS,Mozambique,MOZ,105.7712248,106.5030182,107.1185979,107.6044177,108.0013946,108.3715323,108.2172061,108.1459597,107.4818546,106.8462067,106.2380757,105.6578999,105.1035163,104.5741932,104.1824558,103.7602676,103.3061567,102.8171761,102.2941061,101.7352989,101.1378099,100.5036405,99.82979503,99.11700918,98.36226455,97.56499971,97.7775827,98.04147167,98.34487421,98.66579702,98.66695016,98.38592938
Ratio of female to male labor force participation rate (%) (modeled ILO estimate),SL.TLF.CACT.FM.ZS,Myanmar,MMR,82.06830371,82.38602166,81.12578151,80.40615629,79.50629076,78.70806115,78.00631953,77.42985545,76.83897385,75.65953471,74.23334528,73.12936493,72.0169206,70.81599326,69.72537551,68.72277685,67.83759049,67.09718803,66.52126223,65.98444771,65.54795466,65.32625154,65.05181778,64.76665821,64.5245382,64.33943205,63.02960482,61.73060088,62.92398301,60.9689605,59.90317909,58.58466123
Ratio of female to male labor force participation rate (%) (modeled ILO estimate),SL.TLF.CACT.FM.ZS,Namibia,NAM,76.1467606,76.4032005,76.73248032,77.12029595,77.54759517,77.34936641,77.15315104,76.95623915,76.81762305,76.68145087,76.55016058,77.26133905,77.97412089,78.6853227,79.39691921,80.10730173,80.81616223,81.52675629,82.23354256,82.94045799,83.64619282,84.34965135,85.05325454,89.91297621,88.27268469,86.25416793,84.2735517,86.25612128,88.38896563,88.39883483,87.55037064,87.6988175
Ratio of female to male labor force participation rate (%) (modeled ILO estimate),SL.TLF.CACT.FM.ZS,Nauru,NRU,..,..,..,..,..,..,..,..,..,..,..,..,..,..,..,..,..,..,..,..,..,..,..,..,..,..,..,..,..,..,..,..
Ratio of female to male labor force participation rate (%) (modeled ILO estimate),SL.TLF.CACT.FM.ZS,Nepal,NPL,89.58887604,89.77169933,90.00287475,90.26000161,90.52371539,90.77698638,90.76424229,90.7543489,90.76475472,90.82671528,90.80524214,90.78574178,90.76977641,90.75535141,90.74460412,90.73778426,90.73214427,90.73027977,90.73287343,91.12344436,91.59940249,92.13272274,92.85969977,93.72722086,94.62042593,95.45502106,96.29686132,96.94465386,97.3953813,97.65258564,95.24516596,97.42361066
Ratio of female to male labor force participation rate (%) (modeled ILO estimate),SL.TLF.CACT.FM.ZS,Netherlands,NLD,61.96533223,63.11549334,65.55273122,66.41907382,67.74601017,68.60866415,70.00453839,70.80573583,71.29764028,73.50773997,73.98211169,74.95614885,75.39208741,77.10300828,77.901185,77.82238866,78.79357654,79.8217081,80.47979966,81.32443823,82.49083544,83.35958007,83.64798449,83.66073581,82.91883468,83.84488131,84.25020676,84.76201828,84.91441642,85.60221846,86.38206035,87.56081905
Ratio of female to male labor force participation rate (%) (modeled ILO estimate),SL.TLF.CACT.FM.ZS,New Caledonia,NCL,82.69911848,83.1099394,82.83153156,82.53069338,82.52334006,83.00455523,82.67596315,82.59438483,81.74784892,81.535193,81.51190778,81.49708981,81.57272647,81.99523249,82.31648931,82.61234524,83.2338712,83.65905361,83.52818132,83.67686615,83.95970926,84.26298387,84.58636661,84.93385313,85.3036129,85.18057551,85.32508715,85.40975671,85.49989601,85.57585311,83.7547586,83.97912447
Ratio of female to male labor force participation rate (%) (modeled ILO estimate),SL.TLF.CACT.FM.ZS,New Zealand,NZL,72.59599326,73.44088293,73.75407694,73.66097815,74.71462389,75.2761582,76.75938994,76.78989636,77.43724132,77.98186185,78.05617639,78.94566042,79.13681333,80.39529548,80.25181672,81.02156411,81.14631732,81.64916746,82.54309262,83.15400408,83.12854531,83.60491755,84.47463341,85.04924634,85.28193134,85.18274956,85.56854037,85.64654715,86.23857936,87.25825772,86.38855247,86.38655963
Ratio of female to male labor force participation rate (%) (modeled ILO estimate),SL.TLF.CACT.FM.ZS,Nicaragua,NIC,46.04073377,45.3344334,43.85627595,42.40167947,40.97191635,39.56892024,39.57715093,39.54503513,39.52984975,40.55413611,41.59595286,42.65177885,43.72268921,44.81022961,45.91086825,47.02715359,48.15694364,49.30103898,50.45730749,51.6273128,52.8091647,54.00462302,55.21045022,56.42756529,57.65614149,58.27548384,58.84490992,59.36577773,58.80376318,58.23668782,57.38261979,57.56897296
Ratio of female to male labor force participation rate (%) (modeled ILO estimate),SL.TLF.CACT.FM.ZS,Niger,NER,77.21782964,77.1743681,77.20214609,77.27616871,77.37823795,77.49927245,77.43285342,77.39948603,77.37554311,77.3439853,77.30700245,77.10778948,76.9593626,76.83980307,76.73197348,76.63718199,76.42302963,76.26822163,76.15631518,76.08227344,76.03869888,75.9405353,74.95897788,74.04955189,73.2378478,73.28457932,73.29005715,73.3328605,73.40588594,73.50257429,73.50286513,73.25524914
Ratio of female to male labor force participation rate (%) (modeled ILO estimate),SL.TLF.CACT.FM.ZS,Nigeria,NGA,86.78074576,86.86707457,87.09080218,87.4280732,87.85498681,88.34901555,88.51331,88.77166937,89.09170425,89.42788111,89.75134332,89.6677595,89.62820911,89.61188007,89.60591743,89.60277277,89.31868011,89.11983968,88.97640697,88.87081007,88.79714572,88.6012316,88.10875029,87.63010943,86.48251455,85.34781361,84.2274346,83.11804702,82.01951296,80.93299074,80.37185697,80.43160985
Ratio of female to male labor force participation rate (%) (modeled ILO estimate),SL.TLF.CACT.FM.ZS,North Macedonia,MKD,66.56176161,66.7113697,66.19518471,65.67915043,65.16219383,64.64272957,64.12307212,61.95519718,62.15085159,62.35461394,64.75109278,64.92709806,65.1074648,66.17289051,66.49372671,66.82104747,63.30953137,64.99848692,63.18636869,62.24924663,62.57888791,64.4111657,63.85840748,66.12697556,64.74387193,64.47173165,62.60669393,63.14000386,63.79116185,67.97235183,66.28045459,66.82586091
Ratio of female to male labor force participation rate (%) (modeled ILO estimate),SL.TLF.CACT.FM.ZS,Northern Mariana Islands,MNP,..,..,..,..,..,..,..,..,..,..,..,..,..,..,..,..,..,..,..,..,..,..,..,..,..,..,..,..,..,..,..,..
Ratio of female to male labor force participation rate (%) (modeled ILO estimate),SL.TLF.CACT.FM.ZS,Norway,NOR,78.46847988,79.9448509,79.61969332,80.38244121,80.60965021,82.48474831,82.73620916,82.81405433,83.92582368,84.41782338,84.05979691,84.85058058,86.61017732,86.10605047,86.85305007,86.35865261,86.60414259,87.65955302,88.22471081,89.02333099,88.7017531,89.60589429,89.26144459,89.94739798,94.05621643,92.07278469,92.80740077,93.2180983,93.06861067,93.93559777,94.58478522,83.79986279
Ratio of female to male labor force participation rate (%) (modeled ILO estimate),SL.TLF.CACT.FM.ZS,Oman,OMN,28.03289748,28.39448033,28.74508213,29.18702135,29.68519058,30.12145071,30.24251625,30.28691455,30.42649863,30.65636744,30.72769012,30.92405053,31.39235359,31.98582776,32.04135419,32.11254243,32.20126395,32.30558214,32.42451906,32.55952228,32.70839731,32.87174779,33.04707934,33.23704504,33.43891295,33.65301262,33.87944358,33.92931774,33.88647125,33.87371472,33.09658681,33.77272493
Ratio of female to male labor force participation rate (%) (modeled ILO estimate),SL.TLF.CACT.FM.ZS,Pakistan,PAK,13.32320521,16.71286862,16.71283366,17.40645759,17.83514671,15.39707019,16.66666667,18.02279253,18.5161322,19.02721404,19.55084898,19.58947758,19.63020849,20.65060173,21.71143444,22.73183842,23.82325218,24.35869726,25.16949689,26.64835104,28.01094727,28.46256656,28.66549457,28.87080997,29.51908095,30.37756378,29.29091929,28.23359725,27.20568658,27.09389962,26.51732367,26.54618867
Ratio of female to male labor force participation rate (%) (modeled ILO estimate),SL.TLF.CACT.FM.ZS,Palau,PLW,..,..,..,..,..,..,..,..,..,..,..,..,..,..,..,..,..,..,..,..,..,..,..,..,..,..,..,..,..,..,..,..
Ratio of female to male labor force participation rate (%) (modeled ILO estimate),SL.TLF.CACT.FM.ZS,Panama,PAN,48.52590549,49.61070631,50.00063758,50.4529382,51.74848762,52.35002093,52.99095576,53.6445339,53.91721043,54.19580181,55.3339378,56.47900296,57.62925079,58.41717869,57.9068549,59.19638379,57.4596871,58.62825183,58.39136623,59.6583564,58.45071492,57.76842001,59.73930947,61.49870983,62.29370489,64.45546288,64.28199257,65.42132833,66.43355978,69.54633158,67.45217321,69.43449314
Ratio of female to male labor force participation rate (%) (modeled ILO estimate),SL.TLF.CACT.FM.ZS,Papua New Guinea,PNG,98.12855323,97.64201644,96.96763213,96.23354621,96.08872173,96.33711426,96.11563957,96.40275929,96.72066892,96.74973736,97.02135498,96.96231836,96.91974822,96.89251247,96.88560533,96.90013647,96.93613133,96.9972246,97.08601822,97.19995509,97.34606602,97.39387668,97.28972789,97.21875953,96.8553182,96.6777794,96.63791265,96.60898254,96.66227339,96.59542801,96.59598935,96.08226465
Ratio of female to male labor force participation rate (%) (modeled ILO estimate),SL.TLF.CACT.FM.ZS,Paraguay,PRY,58.68483132,58.82312142,58.74193222,59.16807652,59.69698531,60.48328953,60.56036866,61.05592504,60.9914114,60.75734149,60.42388167,60.30289332,60.35859912,61.61324359,66.29411599,65.5992685,61.41410342,64.64251583,63.39178689,65.5619032,64.3566494,66.93497006,72.40764495,70.28850126,66.71137188,67.66063545,67.63546437,67.96160881,70.42566884,71.23464621,68.63170874,70.81483339
Ratio of female to male labor force participation rate (%) (modeled ILO estimate),SL.TLF.CACT.FM.ZS,Peru,PER,58.09602308,58.25864572,58.09035756,59.45483721,60.81705891,63.77967222,66.91969394,70.03057901,69.69590076,73.14319522,68.45888763,74.03915627,75.16782316,76.28475564,77.38614049,78.46849208,79.49655306,81.04106013,81.26952983,81.44360925,83.26658164,82.69195329,82.35635108,81.97921464,81.5843351,80.26406201,81.41686856,81.8769334,82.51780206,82.56477305,77.18488853,80.69496213
Ratio of female to male labor force participation rate (%) (modeled ILO estimate),SL.TLF.CACT.FM.ZS,Philippines,PHL,62.4525578,62.54161648,62.60675381,62.61596809,62.55594842,62.48794379,62.39436802,62.32116382,62.39307273,62.37123512,62.31575101,62.29456187,62.25743577,62.19280981,60.88296272,62.34633057,62.92959948,63.18836346,62.32649965,63.43899025,64.0175654,64.46235443,64.29968309,64.55718554,65.01856402,65.37856153,64.01575084,61.26479566,62.6251631,64.15180147,63.61953814,64.17966865
Ratio of female to male labor force participation rate (%) (modeled ILO estimate),SL.TLF.CACT.FM.ZS,Poland,POL,76.32206992,76.4543533,76.41490365,76.4674395,77.12805591,76.71752663,76.61626377,75.99294228,76.33425937,76.78345793,78.08928127,78.57366346,77.84768692,77.54880675,76.35771571,75.8877639,74.99114079,74.69780022,74.37331083,74.53503221,74.67526689,74.57489322,74.89071829,74.77096831,74.97332219,74.99225952,74.57553928,74.30198461,74.61141096,74.09249281,73.62341798,75.12712357
Ratio of female to male labor force participation rate (%) (modeled ILO estimate),SL.TLF.CACT.FM.ZS,Portugal,PRT,66.27641773,68.72283413,69.82895547,71.34191373,72.37894993,72.93628004,73.51002462,73.64846368,73.90988578,74.84580056,75.63512623,76.11755341,76.41653586,78.28792089,78.12211929,79.99102463,80.14409364,80.94011347,80.99515361,82.18837954,83.11487442,81.43146207,82.50455931,83.15495134,83.41522988,83.84122983,83.4781657,83.77721411,84.59627058,85.07524581,85.00317075,86.76536509
Ratio of female to male labor force participation rate (%) (modeled ILO estimate),SL.TLF.CACT.FM.ZS,Puerto Rico,PRI,51.10785679,50.35152753,52.39397487,55.06772441,55.42297635,55.78866392,55.51625018,56.52005545,56.33001094,61.17493748,59.18075959,59.77019415,60.38990664,61.04087222,61.72187869,62.43526613,63.17274898,63.94434654,64.75216336,65.59564551,66.48152771,67.45042278,67.37978687,67.19759762,66.95879611,66.88388902,66.66870525,66.18487137,65.65999057,65.51105588,64.44641281,65.21186231
Ratio of female to male labor force participation rate (%) (modeled ILO estimate),SL.TLF.CACT.FM.ZS,Qatar,QAT,47.10157696,47.71855216,47.74839805,48.07047185,48.16850911,48.27643714,48.08382562,47.07316248,46.76728778,46.77579588,46.64840312,47.34289704,47.75351636,48.29111552,48.25149024,48.90632178,50.6444593,52.01463426,51.67287885,51.48472548,53.1805927,54.62540817,56.1161333,57.66431127,59.22264797,60.73713209,60.80498262,60.84066405,60.76620577,60.69483357,60.0844474,59.93860981
Ratio of female to male labor force participation rate (%) (modeled ILO estimate),SL.TLF.CACT.FM.ZS,Romania,ROU,81.36042515,81.51064578,81.65541922,81.54522838,81.45086571,81.36929787,78.96344434,81.97185416,81.25624496,81.80956164,81.82674698,81.85676013,79.19093485,77.49478683,77.27972683,76.17353066,76.39722484,75.81443514,74.57440868,74.22875329,71.91955077,73.44984626,72.68212607,72.19327432,71.93359508,70.14041458,69.82598656,71.01513984,70.26507396,69.70651554,69.29125122,68.6477351
Ratio of female to male labor force participation rate (%) (modeled ILO estimate),SL.TLF.CACT.FM.ZS,Russian Federation,RUS,77.14857428,77.06400045,76.90470061,76.26841782,75.76542274,75.72836287,76.06040136,76.77731747,77.17225716,78.8477677,79.07208989,79.05875153,80.51832981,80.71199687,81.05179023,81.41368162,81.80398104,81.34873579,80.02911939,80.33190119,79.49921801,79.56059339,79.36242935,78.73242062,78.40775736,77.89194877,77.86412631,78.00748193,78.32286597,78.39841108,78.68672042,78.15740231
Ratio of female to male labor force participation rate (%) (modeled ILO estimate),SL.TLF.CACT.FM.ZS,Rwanda,RWA,92.1676264,92.66688762,93.50148731,94.77082038,96.34363132,97.78395996,97.68104008,97.80287573,97.92864106,98.05604089,98.18741982,98.32049997,98.4575841,98.5952603,98.73820077,98.88413122,99.03307517,99.18387924,99.3389239,99.49589387,99.65717185,99.82161151,99.99045814,100.1601624,100.3355449,100.5075248,100.7644709,100.9471802,101.1036415,101.3103423,100.3377477,100.334446
Ratio of female to male labor force participation rate (%) (modeled ILO estimate),SL.TLF.CACT.FM.ZS,Samoa,WSM,57.79808448,57.89995569,57.9410468,57.83397391,57.95680139,57.76498609,57.58510621,57.58202634,57.53747781,57.49816285,57.37410371,57.28349885,57.24480639,57.21760481,57.20429952,57.20078741,57.20421015,57.22922408,57.23365922,57.20391105,57.20468405,57.2173299,57.20254352,57.20095005,57.20223323,57.20317053,57.24218721,57.24641659,57.22663671,57.2506207,56.69989015,56.60342762
Ratio of female to male labor force participation rate (%) (modeled ILO estimate),SL.TLF.CACT.FM.ZS,San Marino,SMR,..,..,..,..,..,..,..,..,..,..,..,..,..,..,..,..,..,..,..,..,..,..,..,..,..,..,..,..,..,..,..,..
Ratio of female to male labor force participation rate (%) (modeled ILO estimate),SL.TLF.CACT.FM.ZS,Sao Tome and Principe,STP,47.60861043,47.87670328,48.14267609,48.46400487,48.86489545,49.34849126,49.72643586,50.19459492,50.70489015,51.17741398,51.56546165,51.81657611,52.0072982,52.08281613,52.05865036,51.95204297,52.13872414,52.29365253,52.42234638,52.50987975,52.57937141,52.5793526,52.53229881,52.49229137,52.52361298,52.65046998,52.87481426,53.17594809,53.547891,53.96802627,52.80031081,53.14700517
Ratio of female to male labor force participation rate (%) (modeled ILO estimate),SL.TLF.CACT.FM.ZS,Saudi Arabia,SAU,18.49668059,18.1797711,18.12172084,18.71671363,19.33988787,19.98989464,20.66987052,21.38173049,22.12729989,22.90901617,21.13222658,20.86448341,21.07864128,22.00933803,22.97258262,23.96873853,24.99626787,24.35292044,23.92416946,23.44979599,24.61448125,25.83387618,26.14412753,25.63236483,26.09014754,27.5576206,28.37977087,25.63387706,27.83885285,33.37740037,39.8262756,38.60080208
Ratio of female to male labor force participation rate (%) (modeled ILO estimate),SL.TLF.CACT.FM.ZS,Senegal,SEN,45.7447678,45.88549678,46.04280619,46.2368791,46.50457071,46.8633159,46.98253023,47.19722539,47.4859279,47.80677125,48.13266698,48.35168151,48.5921246,48.84291749,49.08182595,49.29417916,49.39573411,50.30517122,51.25851262,52.26315105,53.31752628,54.42742639,55.59464402,56.82225406,58.1144187,59.47224947,59.61834547,59.83070449,60.10406472,60.43606538,58.82456643,59.07031372
Ratio of female to male labor force participation rate (%) (modeled ILO estimate),SL.TLF.CACT.FM.ZS,Serbia,SRB,73.74134864,73.95492781,74.06149569,74.08206898,73.9481136,73.78106132,73.56108245,73.33626663,73.23358457,73.51627436,73.32513601,73.13953846,72.994653,72.90170215,72.75542604,70.7937063,70.75410189,71.70085721,71.87334044,71.71943865,70.34256266,68.35143797,68.70049587,70.82873208,72.23945402,72.06107035,73.53912706,74.40921836,74.27561473,75.09614201,75.08885082,74.86189702
Ratio of female to male labor force participation rate (%) (modeled ILO estimate),SL.TLF.CACT.FM.ZS,Seychelles,SYC,..,..,..,..,..,..,..,..,..,..,..,..,..,..,..,..,..,..,..,..,..,..,..,..,..,..,..,..,..,..,..,..
Ratio of female to male labor force participation rate (%) (modeled ILO estimate),SL.TLF.CACT.FM.ZS,Sierra Leone,SLE,100.4110876,99.99690817,99.69593821,99.53900865,99.50981781,99.53132576,99.35943772,99.44226251,99.65590202,99.82851306,99.8084549,99.8254276,99.92888652,100.0773861,99.41182772,99.27148165,99.12737617,98.97462744,98.81601493,98.65119362,98.47987007,98.30170816,98.1163527,97.92514626,97.7277823,98.38861602,99.03649206,99.70257177,100.4156287,101.2343268,100.6283529,100.2878843
Ratio of female to male labor force participation rate (%) (modeled ILO estimate),SL.TLF.CACT.FM.ZS,Singapore,SGP,57.58118919,58.28624548,59.19902691,60.45857471,61.48983486,62.54607779,63.49477317,64.33604452,63.83161358,65.20040576,65.87894767,66.56127643,65.7503214,67.15336395,68.19319529,68.58892362,68.98342915,69.37984672,72.88696551,72.205367,73.84615474,74.97037291,75.80113574,76.44262479,77.65557735,78.84370505,79.27737534,78.67788003,79.19085722,79.3293252,77.38277815,77.32336643
Ratio of female to male labor force participation rate (%) (modeled ILO estimate),SL.TLF.CACT.FM.ZS,Sint Maarten (Dutch part),SXM,..,..,..,..,..,..,..,..,..,..,..,..,..,..,..,..,..,..,..,..,..,..,..,..,..,..,..,..,..,..,..,..
Ratio of female to male labor force participation rate (%) (modeled ILO estimate),SL.TLF.CACT.FM.ZS,Slovak Republic,SVK,81.63400288,81.7359163,80.37420836,78.96945903,74.28410426,74.77492045,76.09642082,75.77471028,74.98569901,76.22591615,76.97564317,76.87497185,77.31688163,77.2734662,76.95731762,75.0486287,74.30462641,74.65372702,74.69249547,73.84101018,74.9086137,73.69193735,74.12578552,74.88997658,74.87472702,76.52108183,77.1896294,77.77663045,77.09690832,77.37874799,77.89825849,82.42565576
Ratio of female to male labor force participation rate (%) (modeled ILO estimate),SL.TLF.CACT.FM.ZS,Slovenia,SVN,79.54676671,79.36660221,79.28196789,79.32802026,79.41750766,79.49478713,79.56297221,80.8899381,80.57450901,79.39787147,80.58215854,79.08750267,80.2160469,79.50001251,80.66810841,80.16305284,81.12931956,80.33952167,81.57826586,81.91176995,81.57265947,82.13820346,82.8517022,81.80073698,82.49498288,82.48247475,84.81650348,85.18278484,84.01087869,84.54626674,85.26612179,86.4523714
Ratio of female to male labor force participation rate (%) (modeled ILO estimate),SL.TLF.CACT.FM.ZS,Solomon Islands,SLB,95.85357143,95.7475537,95.44384463,95.40955223,95.22855714,95.08161344,95.11717541,95.23885593,95.26974222,95.36828535,95.98466452,96.40912259,96.63539753,96.48330658,96.39364608,96.28017462,96.11200361,95.93465832,95.76966722,96.02827798,95.87695799,95.53729283,95.4789949,95.47087666,95.48679617,95.49356389,95.47640487,95.44550251,95.40889723,95.40435071,95.31302056,95.03306336
Ratio of female to male labor force participation rate (%) (modeled ILO estimate),SL.TLF.CACT.FM.ZS,Somalia,SOM,48.21032115,47.72627197,47.38195733,47.12094831,46.79411656,46.26677849,45.61709145,44.98483951,44.36534662,43.83457725,43.45285562,42.9266881,42.63834187,42.51929133,42.47317183,42.46238541,42.23233935,42.02148319,41.88443881,41.89053778,42.06118098,42.11866387,42.36813081,42.73893211,43.13387381,43.49677227,43.83042368,44.11455514,44.38069629,44.6782391,44.45037162,44.49103577
Ratio of female to male labor force participation rate (%) (modeled ILO estimate),SL.TLF.CACT.FM.ZS,South Africa,ZAF,59.76616255,60.283978,60.86938509,61.52924839,62.28898338,63.15480246,63.97996724,64.86505858,65.82926078,66.88304077,68.02190373,68.94033439,69.94079171,70.98381196,71.98104317,72.86636242,73.52732532,74.04635534,74.43679635,74.18249323,73.71209986,75.16231774,74.88048996,76.27592675,76.36135836,76.78919895,76.52186498,77.43337338,77.65789981,77.60799602,76.73972531,77.17048619
Ratio of female to male labor force participation rate (%) (modeled ILO estimate),SL.TLF.CACT.FM.ZS,South Sudan,SSD,92.92243818,92.70825215,92.69354776,92.81034754,92.86455775,92.6308884,92.48497956,92.3723514,92.23912584,92.15010325,92.1756,92.09993894,92.1998075,92.43068438,92.69298898,92.90954344,93.03779081,93.1637769,93.31241569,93.5521735,93.94045908,94.0883663,94.31214421,94.61509961,94.97785188,95.41041572,95.71828694,96.03916616,96.39274791,96.77294339,94.633236,95.74034963
Ratio of female to male labor force participation rate (%) (modeled ILO estimate),SL.TLF.CACT.FM.ZS,Spain,ESP,49.39531909,49.939228,52.30564108,53.51163639,55.82957919,57.32165774,58.07702608,59.12997539,59.45477126,60.24918055,62.06107172,60.545221,63.80399742,65.30957279,66.9887131,68.26636766,70.07502315,71.44357618,73.29976678,75.86237825,77.45800723,79.04787568,80.56682141,81.3470459,81.65634706,81.95012188,82.51415322,82.37623683,82.26588186,83.06898847,83.15155173,84.3651868
Ratio of female to male labor force participation rate (%) (modeled ILO estimate),SL.TLF.CACT.FM.ZS,Sri Lanka,LKA,58.16138001,53.20718643,48.33617773,49.65223215,49.62816669,47.84124668,46.92417912,46.6447607,53.88552044,48.59931503,48.21610943,47.96912299,47.72415204,47.47794325,47.2331387,46.98835494,46.74477244,46.50057422,46.25704004,46.01394826,45.77260904,46.22792252,43.94530648,47.23332453,46.33737423,47.92349083,47.67454545,49.0534619,45.90628623,46.05888568,45.07153444,45.10839933
Ratio of female to male labor force participation rate (%) (modeled ILO estimate),SL.TLF.CACT.FM.ZS,St. Kitts and Nevis,KNA,..,..,..,..,..,..,..,..,..,..,..,..,..,..,..,..,..,..,..,..,..,..,..,..,..,..,..,..,..,..,..,..
Ratio of female to male labor force participation rate (%) (modeled ILO estimate),SL.TLF.CACT.FM.ZS,St. Lucia,LCA,61.32977159,61.52807435,62.42566787,63.33281653,64.25202074,65.18132903,66.12069344,67.07140018,68.03352277,69.00729164,69.99220304,70.98746905,72.35651395,73.73229855,75.11832287,76.51064702,77.91121625,79.31815924,80.73320831,82.15286084,83.5768081,85.00935712,87.53832446,84.04738316,84.28804329,84.52734423,84.76399889,84.99934342,84.4729351,87.81051002,85.76288574,86.24843459
Ratio of female to male labor force participation rate (%) (modeled ILO estimate),SL.TLF.CACT.FM.ZS,St. Martin (French part),MAF,..,..,..,..,..,..,..,..,..,..,..,..,..,..,..,..,..,..,..,..,..,..,..,..,..,..,..,..,..,..,..,..
Ratio of female to male labor force participation rate (%) (modeled ILO estimate),SL.TLF.CACT.FM.ZS,St. Vincent and the Grenadines,VCT,54.1484987,54.809403,56.05758948,57.03570656,57.3507282,58.78236114,59.45816037,60.44104015,61.48598731,62.29499921,62.88355838,63.61218753,64.88578065,66.31893279,67.31337482,68.14166987,69.45377589,70.14483953,70.58364049,70.4957773,70.19779559,70.26571978,70.61236642,71.01865355,71.28749611,71.47878343,71.8942506,72.19381829,72.62289624,72.72726902,71.14755014,71.4075564
Ratio of female to male labor force participation rate (%) (modeled ILO estimate),SL.TLF.CACT.FM.ZS,Sudan,SDN,31.21476882,32.42044911,33.65923802,34.9317523,36.23725299,37.57494101,38.94517511,39.03021095,39.1170191,39.20585247,39.29673968,39.38970643,39.48477882,39.58255713,39.68170926,39.78249106,39.88632218,39.99139027,40.09990783,40.20969347,40.32194916,40.43662372,40.67606096,40.94611571,41.24027126,41.55462868,41.84732854,42.15953857,42.48903836,42.82960513,41.83278757,42.24922186
Ratio of female to male labor force participation rate (%) (modeled ILO estimate),SL.TLF.CACT.FM.ZS,Suriname,SUR,52.68044061,52.8318342,52.49770344,50.97501254,51.0956265,50.81667894,51.62797663,52.46573506,53.32940861,54.22115734,54.98438952,55.75025181,56.51786597,57.28841374,58.05987157,58.83287152,59.60785294,60.38306985,61.15822412,61.93257514,62.7077131,63.48256017,64.25526414,65.02717705,65.79696283,66.56534088,67.32997444,67.61101078,68.0783755,67.86082771,66.16372314,66.77783706
Ratio of female to male labor force participation rate (%) (modeled ILO estimate),SL.TLF.CACT.FM.ZS,Sweden,SWE,87.58427832,87.16270396,87.29927007,86.96867312,86.24286217,86.2631748,87.10957037,86.69197739,85.95757675,87.41754602,87.70645768,87.48186731,88.06571547,88.31262568,87.93874244,87.73790792,87.75933354,88.1538698,88.06876154,88.14687775,87.43454286,88.23459564,88.78993661,89.01423305,89.33573522,90.11135858,90.07904326,90.12943455,90.40636007,90.38376539,88.98085731,90.65123519
Ratio of female to male labor force participation rate (%) (modeled ILO estimate),SL.TLF.CACT.FM.ZS,Switzerland,CHE,70.90892977,70.2487071,71.20811745,70.92748435,70.94926377,70.66958911,72.17125167,72.42747956,74.11489183,74.38024888,74.10355178,76.00723486,77.30354095,77.43153981,77.80761889,79.01570051,79.23667808,79.09699478,81.22209029,81.83110835,80.68382041,81.05198149,81.66147562,82.40955083,83.49024576,83.91247234,84.34979051,84.07311243,84.7385021,85.51311224,85.17387895,84.90199998
Ratio of female to male labor force participation rate (%) (modeled ILO estimate),SL.TLF.CACT.FM.ZS,Syrian Arab Republic,SYR,22.87459374,23.25730119,23.86128945,24.19364622,25.21744372,26.35027255,23.93754927,21.81417406,19.93377021,22.6909451,25.83264016,25.41076586,25.00801341,24.62442048,23.06531949,21.58514262,20.18392369,19.13552658,20.17002508,18.16852481,17.92695523,20.78692474,21.03461371,21.3524407,21.68899278,21.98184334,22.20586267,22.38240681,22.51555663,22.63654679,21.94005185,22.20667901
Ratio of female to male labor force participation rate (%) (modeled ILO estimate),SL.TLF.CACT.FM.ZS,Tajikistan,TJK,54.02650663,54.02700028,54.02712318,54.02659356,54.02592119,54.02590129,54.02677541,54.02564415,54.02516977,54.02642441,54.02501365,54.02612638,54.02536987,54.02634412,54.27740752,53.78329619,53.26534269,52.69793676,52.14199394,51.97413725,53.27544331,54.60441807,55.96787171,57.36100242,58.78573833,60.24492882,61.73536971,61.25216648,60.81115479,60.40285735,60.02923619,59.78153094
Ratio of female to male labor force participation rate (%) (modeled ILO estimate),SL.TLF.CACT.FM.ZS,Tanzania,TZA,94.55601196,94.54739072,94.57331123,94.62624428,94.71050321,94.83393579,94.85018001,94.91418649,95.00749415,95.10641287,95.18699137,95.21745578,95.64781898,96.06021886,96.45490797,96.83089979,97.18949744,96.55584805,95.88232442,95.16753892,94.41004689,93.60845657,92.76253802,91.87072305,90.93263901,91.00065875,91.11328006,91.24002583,91.38520779,91.55533824,91.42916105,91.30864115
Ratio of female to male labor force participation rate (%) (modeled ILO estimate),SL.TLF.CACT.FM.ZS,Thailand,THA,77.34763291,77.4026962,77.48106555,77.592971,77.72915275,79.41169083,81.13006706,82.01409158,80.69403771,79.95546934,80.5485244,79.86173178,80.04373231,80.22656057,79.61105224,81.3398108,80.11642825,80.74177831,80.68415085,79.52365818,79.61721698,81.26701986,80.42409764,78.60985748,78.19342102,78.40355101,78.2781767,77.96005256,77.9428073,78.15872774,78.47022995,78.62769436
Ratio of female to male labor force participation rate (%) (modeled ILO estimate),SL.TLF.CACT.FM.ZS,Timor-Leste,TLS,87.28083932,86.75414229,86.29102287,85.87319335,85.47668469,85.10755238,84.69143671,84.553675,84.66553248,87.2904509,86.47398636,85.65417705,86.21572846,86.53156424,86.68052975,86.63893622,87.08512787,86.53822323,85.96531871,85.51567246,85.13184995,84.94285552,84.75741636,84.74261179,84.63400622,84.58500393,84.52051307,84.76574832,84.89111093,84.82808279,84.68107169,84.4227593
Ratio of female to male labor force participation rate (%) (modeled ILO estimate),SL.TLF.CACT.FM.ZS,Togo,TGO,83.34747535,83.39504404,83.58697655,83.89554515,84.26849533,84.66549214,85.50358216,86.33304827,87.15078848,87.97093719,88.79635601,88.98586807,89.21644571,89.45544466,89.65472847,89.78975349,89.72769196,89.68219086,89.65628682,89.67699189,89.76848107,89.85118504,90.03205135,90.31222366,90.69280507,91.17255847,91.68218025,92.2771428,92.9612098,93.73222449,93.73279133,93.46291743
Ratio of female to male labor force participation rate (%) (modeled ILO estimate),SL.TLF.CACT.FM.ZS,Tonga,TON,47.67950276,50.89895685,54.22052171,57.63336736,61.12327313,61.25939484,61.40839155,61.56770932,61.73990303,61.92570104,62.12359192,62.33318949,62.55929287,62.79670608,63.04918365,63.31711807,63.5986101,63.8968987,64.21036097,64.54012705,64.88669976,65.24836328,65.63000468,66.02627037,66.44278941,66.87754867,67.33163439,67.80596266,68.2984192,68.29767017,67.6428094,67.48095378
Ratio of female to male labor force participation rate (%) (modeled ILO estimate),SL.TLF.CACT.FM.ZS,Trinidad and Tobago,TTO,56.81607175,57.61185728,59.25307122,59.41987236,59.3830266,59.56075339,63.0982465,62.74188029,62.39715666,62.12983072,62.41859533,62.40060145,63.65389077,65.81466586,67.55315838,69.6249061,71.10868121,68.7990777,70.5081999,68.72005137,68.72330935,67.6034325,71.10471217,70.91330212,71.48625604,69.88987304,71.89537329,71.00649783,70.48050008,70.01289018,68.49422675,68.64378391
Ratio of female to male labor force participation rate (%) (modeled ILO estimate),SL.TLF.CACT.FM.ZS,Tunisia,TUN,29.52262884,29.81436268,30.31689315,30.63239492,31.01945308,31.41822658,31.81972663,32.22617806,32.51235639,32.80792911,33.11447328,33.43041219,33.7588545,34.09782444,34.44928606,34.81187826,36.24614296,36.18522042,36.37791171,36.09952619,35.76099904,35.48690488,36.64709681,36.52247191,37.17526647,37.84610405,38.83222158,38.8016026,38.82006298,38.78771755,37.87716612,37.9642583
Ratio of female to male labor force participation rate (%) (modeled ILO estimate),SL.TLF.CACT.FM.ZS,Turkiye,TUR,42.84768464,42.5371819,41.08468814,34.33340397,39.8522768,39.75300926,39.52658944,37.55136743,38.12839034,39.56496666,36.04202784,37.24477588,38.98060971,37.73961834,33.19633933,33.01247707,33.48841266,33.61858321,34.70144381,36.7614788,38.77286775,40.05159211,41.28493374,42.75435677,42.4480671,43.88719702,45.0460506,46.28651278,47.00515521,47.6784759,45.24709736,45.8786599
Ratio of female to male labor force participation rate (%) (modeled ILO estimate),SL.TLF.CACT.FM.ZS,Turkmenistan,TKM,68.23321099,68.56484875,69.54442323,69.6192084,70.97745498,71.66679793,71.33345883,72.35506503,71.93080137,70.91859425,70.63688925,70.42781425,70.47648178,70.33393481,70.09162815,69.43721364,68.94720151,68.50473941,67.98821092,67.82066509,67.57682124,67.23849786,67.04322463,66.90531895,66.80016677,66.75712084,66.72792374,66.70683988,66.69865579,66.70408165,66.06287645,65.73124809
Ratio of female to male labor force participation rate (%) (modeled ILO estimate),SL.TLF.CACT.FM.ZS,Turks and Caicos Islands,TCA,..,..,..,..,..,..,..,..,..,..,..,..,..,..,..,..,..,..,..,..,..,..,..,..,..,..,..,..,..,..,..,..
Ratio of female to male labor force participation rate (%) (modeled ILO estimate),SL.TLF.CACT.FM.ZS,Tuvalu,TUV,..,..,..,..,..,..,..,..,..,..,..,..,..,..,..,..,..,..,..,..,..,..,..,..,..,..,..,..,..,..,..,..
Ratio of female to male labor force participation rate (%) (modeled ILO estimate),SL.TLF.CACT.FM.ZS,Uganda,UGA,80.67918682,80.28572857,80.63581724,80.99016791,81.34410299,81.69868075,82.05369327,82.41069671,82.76949745,83.12881892,83.48868832,83.85091043,84.21267715,84.57663667,84.94057093,85.30598151,85.67190147,86.04037216,86.40891232,86.77963573,87.15120602,87.5230042,87.8969169,88.21685358,88.57384169,88.96254216,89.42051785,89.94608456,90.53459789,91.19426341,89.1002789,89.99522802
Ratio of female to male labor force participation rate (%) (modeled ILO estimate),SL.TLF.CACT.FM.ZS,Ukraine,UKR,80.22694796,80.65605953,81.09147,81.53448666,81.98903517,82.45258172,82.92531088,83.40612722,83.89760572,84.39919702,84.9106262,85.4326252,85.96357418,86.50696024,87.05979598,87.62418175,88.20038526,87.17401658,86.16461305,85.170545,84.19121181,83.22599642,82.27610163,81.33824367,80.41529786,79.50566221,78.6090715,77.72682762,76.85709167,75.99926087,75.89087209,75.66504406
Ratio of female to male labor force participation rate (%) (modeled ILO estimate),SL.TLF.CACT.FM.ZS,United Arab Emirates,ARE,31.7105362,32.40581566,32.90828238,33.56327881,33.76551573,33.9483584,34.601652,35.26065539,35.92712686,36.59820129,37.27643855,37.95994087,38.64808496,39.34212448,40.04053763,40.74394773,41.99219371,43.25324221,44.52498981,45.80825355,47.09789816,48.39614475,49.69991946,51.00654729,52.31618764,53.62532336,54.93418745,56.73609331,54.01727969,53.94768977,52.41710512,52.88683419
Ratio of female to male labor force participation rate (%) (modeled ILO estimate),SL.TLF.CACT.FM.ZS,United Kingdom,GBR,70.52636326,70.83688641,71.72834345,72.9652388,73.37556675,73.67299653,74.53586508,75.19679714,75.50628122,76.65593486,77.17162444,77.73514126,78.68652008,78.274466,79.26287314,79.59705902,79.9605171,79.79647766,79.99227823,80.96687342,81.26059807,81.69778217,81.90729325,82.53680154,83.10959396,83.43106191,83.78019904,84.67399402,84.90160208,85.75515028,87.25618416,86.51532361
Ratio of female to male labor force participation rate (%) (modeled ILO estimate),SL.TLF.CACT.FM.ZS,United States,USA,75.42858027,75.8023132,76.42093131,77.00654257,78.47508399,78.81095868,79.23937763,79.90760468,80.04699516,80.46499813,80.27663468,80.46636381,80.61353853,81.12779215,80.86471024,81.02633818,81.0149739,81.20148372,81.72969519,82.50099657,82.56905628,82.62050652,82.39272634,82.20687906,82.47878412,82.25627568,82.25571941,82.74277305,82.82082878,83.20616741,83.20939545,83.1268783
Ratio of female to male labor force participation rate (%) (modeled ILO estimate),SL.TLF.CACT.FM.ZS,Uruguay,URY,59.18572233,59.71033269,61.87116414,61.27401458,62.20676766,63.16951691,62.98993837,64.84247569,66.70680091,67.07901327,67.67243381,70.3219113,69.53805903,70.58781584,69.25375051,71.13540428,70.37723163,71.11861157,73.04474652,73.27705166,73.60679082,74.70061618,75.5142911,73.51484369,75.15508883,75.6763629,76.4899827,76.88249057,77.58223911,78.13534592,78.9922513,79.10180488
Ratio of female to male labor force participation rate (%) (modeled ILO estimate),SL.TLF.CACT.FM.ZS,Uzbekistan,UZB,69.60592512,69.84133572,71.16681473,71.61504888,72.34259876,72.61826449,72.64139083,72.31776761,72.05651731,71.74483938,71.5108596,71.23804849,70.98080983,70.69734581,70.13653294,69.63486973,69.11133977,68.46825438,67.89868421,67.429339,67.0930033,66.74355025,66.35127319,65.9680807,65.63418405,65.30489518,65.06317806,64.91247562,64.71845703,64.5326798,63.3323024,63.31152149
Ratio of female to male labor force participation rate (%) (modeled ILO estimate),SL.TLF.CACT.FM.ZS,Vanuatu,VUT,77.71908162,77.70245929,77.72051046,77.83289874,77.53125101,77.60067674,77.59057612,77.44701381,77.33068673,77.40036304,77.22942063,77.49933169,77.89207142,77.80518309,77.73574437,77.60121703,77.32650899,77.20382697,77.03607203,77.0021878,77.04138409,77.10349313,77.14869903,77.18762136,77.20993232,77.32527637,77.28887451,77.20876302,77.19650318,77.17697372,76.62112366,76.55949952
Ratio of female to male labor force participation rate (%) (modeled ILO estimate),SL.TLF.CACT.FM.ZS,"Venezuela, RB",VEN,58.44077203,59.65776283,60.4024115,60.29982387,59.79099981,60.27526304,60.14212552,61.01336699,60.95061234,59.88291597,60.39997811,60.86716217,59.34758484,58.0358847,60.68018241,62.21508185,62.43455681,62.52076696,62.72297307,63.68352154,63.13295591,63.5809038,64.10535542,65.35435096,64.82263924,64.30176825,63.79703494,61.2737638,58.07590319,51.4415353,50.8342475,50.65105183
Ratio of female to male labor force participation rate (%) (modeled ILO estimate),SL.TLF.CACT.FM.ZS,Vietnam,VNM,93.6708974,93.41701393,93.00071707,92.63535345,92.23759317,91.82088754,91.43534533,90.5374094,90.70964057,91.54659752,90.40780805,90.62529101,90.55231094,90.36905175,89.5474887,89.65313886,89.76782177,89.89361221,89.36001687,88.8742377,88.30327194,88.0755564,88.71075516,88.96635615,89.00597989,88.17700605,88.33683919,88.13220794,86.9320999,87.04671373,87.0484475,87.66318484
Ratio of female to male labor force participation rate (%) (modeled ILO estimate),SL.TLF.CACT.FM.ZS,Virgin Islands (U.S.),VIR,82.26593133,82.25788279,82.19278801,81.77828971,81.88227869,81.92320422,81.67563194,82.02971496,82.36815344,82.64192356,83.13577868,83.57800866,83.83178031,83.8461053,84.2934863,84.80612721,85.14732001,85.52251693,85.28278642,83.53283654,83.04374129,80.55142614,76.72735904,74.63000478,73.41046663,72.40659043,71.80523605,70.8705492,70.30645813,69.59174221,68.97448039,68.62321623
Ratio of female to male labor force participation rate (%) (modeled ILO estimate),SL.TLF.CACT.FM.ZS,West Bank and Gaza,PSE,17.21031741,17.27455759,17.48177725,17.50351729,17.53460801,17.63548302,17.50250389,17.8759866,18.3231162,18.58413739,18.25495321,15.89942109,16.28745238,19.18372499,20.1462525,19.69985457,21.03162724,23.00224865,22.78326197,22.41650672,21.08294223,23.05642574,23.8143635,23.09424846,24.19364277,25.41720872,24.5415614,24.77213405,25.16623435,25.83420237,24.75411409,25.1440712
Ratio of female to male labor force participation rate (%) (modeled ILO estimate),SL.TLF.CACT.FM.ZS,"Yemen, Rep.",YEM,22.21501624,22.34420802,22.56108781,22.56454604,22.77252987,24.26401568,25.84589988,27.52495796,29.3028974,31.18787101,29.29220798,27.48313047,25.75729275,24.11598775,22.5584433,21.08191567,19.68510819,18.3677926,17.12472935,15.95499011,14.85693869,13.21617299,11.742097,10.41772734,9.234593843,9.090637995,9.031579141,8.999497943,8.999926115,9.007924958,9.00915546,8.863491571
Ratio of female to male labor force participation rate (%) (modeled ILO estimate),SL.TLF.CACT.FM.ZS,Zambia,ZMB,85.45537645,85.45289729,85.51408777,85.61901865,85.74274584,85.8687201,85.91694071,85.99026593,86.07824249,86.17589126,86.27923017,86.12892813,85.99488791,85.87484008,85.7738491,85.69167485,85.75605339,85.8375068,85.93746649,86.05654122,86.1966684,86.35937113,86.54484724,86.73459139,86.98370189,87.30561144,87.65352518,88.09006355,88.58553107,89.08867974,89.08802811,88.93085571
Ratio of female to male labor force participation rate (%) (modeled ILO estimate),SL.TLF.CACT.FM.ZS,Zimbabwe,ZWE,84.85976281,84.982327,85.21858255,85.53600848,85.87694178,86.21075659,86.42988879,86.60754371,86.77561612,86.98109552,87.2404781,87.36204471,87.49971783,87.63376939,87.72368004,87.75539975,87.78650365,87.81807387,87.84941235,87.88064185,87.91205454,87.94449398,88.55737147,89.1477138,89.71426034,89.62742324,89.54824028,89.5957974,89.73473243,89.90688618,89.04473049,89.17724563